Index Date,Ref CPI,Index Ratio,PDF Link,XML Link
4/15/2020,258.30093,1,CPI_20200311.pdf,CPI_20200311.xml
4/16/2020,258.3245,1.00009,CPI_20200311.pdf,CPI_20200311.xml
4/17/2020,258.34807,1.00018,CPI_20200311.pdf,CPI_20200311.xml
4/18/2020,258.37163,1.00027,CPI_20200311.pdf,CPI_20200311.xml
4/19/2020,258.3952,1.00036,CPI_20200311.pdf,CPI_20200311.xml
4/20/2020,258.41877,1.00046,CPI_20200311.pdf,CPI_20200311.xml
4/21/2020,258.44233,1.00055,CPI_20200311.pdf,CPI_20200311.xml
4/22/2020,258.4659,1.00064,CPI_20200311.pdf,CPI_20200311.xml
4/23/2020,258.48947,1.00073,CPI_20200311.pdf,CPI_20200311.xml
4/24/2020,258.51303,1.00082,CPI_20200311.pdf,CPI_20200311.xml
4/25/2020,258.5366,1.00091,CPI_20200311.pdf,CPI_20200311.xml
4/26/2020,258.56017,1.001,CPI_20200311.pdf,CPI_20200311.xml
4/27/2020,258.58373,1.00109,CPI_20200311.pdf,CPI_20200311.xml
4/28/2020,258.6073,1.00119,CPI_20200311.pdf,CPI_20200311.xml
4/29/2020,258.63087,1.00128,CPI_20200311.pdf,CPI_20200311.xml
4/30/2020,258.65443,1.00137,CPI_20200311.pdf,CPI_20200311.xml
5/1/2020,258.678,1.00146,CPI_20200410.pdf,CPI_20200410.xml
5/2/2020,258.65984,1.00139,CPI_20200410.pdf,CPI_20200410.xml
5/3/2020,258.64168,1.00132,CPI_20200410.pdf,CPI_20200410.xml
5/4/2020,258.62352,1.00125,CPI_20200410.pdf,CPI_20200410.xml
5/5/2020,258.60535,1.00118,CPI_20200410.pdf,CPI_20200410.xml
5/6/2020,258.58719,1.00111,CPI_20200410.pdf,CPI_20200410.xml
5/7/2020,258.56903,1.00104,CPI_20200410.pdf,CPI_20200410.xml
5/8/2020,258.55087,1.00097,CPI_20200410.pdf,CPI_20200410.xml
5/9/2020,258.53271,1.0009,CPI_20200410.pdf,CPI_20200410.xml
5/10/2020,258.51455,1.00083,CPI_20200410.pdf,CPI_20200410.xml
5/11/2020,258.49639,1.00076,CPI_20200410.pdf,CPI_20200410.xml
5/12/2020,258.47823,1.00069,CPI_20200410.pdf,CPI_20200410.xml
5/13/2020,258.46006,1.00062,CPI_20200410.pdf,CPI_20200410.xml
5/14/2020,258.4419,1.00055,CPI_20200410.pdf,CPI_20200410.xml
5/15/2020,258.42374,1.00048,CPI_20200410.pdf,CPI_20200410.xml
5/16/2020,258.40558,1.00041,CPI_20200410.pdf,CPI_20200410.xml
5/17/2020,258.38742,1.00033,CPI_20200410.pdf,CPI_20200410.xml
5/18/2020,258.36926,1.00026,CPI_20200410.pdf,CPI_20200410.xml
5/19/2020,258.3511,1.00019,CPI_20200410.pdf,CPI_20200410.xml
5/20/2020,258.33294,1.00012,CPI_20200410.pdf,CPI_20200410.xml
5/21/2020,258.31477,1.00005,CPI_20200410.pdf,CPI_20200410.xml
5/22/2020,258.29661,0.99998,CPI_20200410.pdf,CPI_20200410.xml
5/23/2020,258.27845,0.99991,CPI_20200410.pdf,CPI_20200410.xml
5/24/2020,258.26029,0.99984,CPI_20200410.pdf,CPI_20200410.xml
5/25/2020,258.24213,0.99977,CPI_20200410.pdf,CPI_20200410.xml
5/26/2020,258.22397,0.9997,CPI_20200410.pdf,CPI_20200410.xml
5/27/2020,258.20581,0.99963,CPI_20200410.pdf,CPI_20200410.xml
5/28/2020,258.18765,0.99956,CPI_20200410.pdf,CPI_20200410.xml
5/29/2020,258.16948,0.99949,CPI_20200410.pdf,CPI_20200410.xml
5/30/2020,258.15132,0.99942,CPI_20200410.pdf,CPI_20200410.xml
5/31/2020,258.13316,0.99935,CPI_20200410.pdf,CPI_20200410.xml
6/1/2020,258.115,0.99928,CPI_20200512.pdf,CPI_20200512.xml
6/2/2020,258.05747,0.99906,CPI_20200512.pdf,CPI_20200512.xml
6/3/2020,257.99993,0.99883,CPI_20200512.pdf,CPI_20200512.xml
6/4/2020,257.9424,0.99861,CPI_20200512.pdf,CPI_20200512.xml
6/5/2020,257.88487,0.99839,CPI_20200512.pdf,CPI_20200512.xml
6/6/2020,257.82733,0.99817,CPI_20200512.pdf,CPI_20200512.xml
6/7/2020,257.7698,0.99794,CPI_20200512.pdf,CPI_20200512.xml
6/8/2020,257.71227,0.99772,CPI_20200512.pdf,CPI_20200512.xml
6/9/2020,257.65473,0.9975,CPI_20200512.pdf,CPI_20200512.xml
6/10/2020,257.5972,0.99728,CPI_20200512.pdf,CPI_20200512.xml
6/11/2020,257.53967,0.99705,CPI_20200512.pdf,CPI_20200512.xml
6/12/2020,257.48213,0.99683,CPI_20200512.pdf,CPI_20200512.xml
6/13/2020,257.4246,0.99661,CPI_20200512.pdf,CPI_20200512.xml
6/14/2020,257.36707,0.99638,CPI_20200512.pdf,CPI_20200512.xml
6/15/2020,257.30953,0.99616,CPI_20200512.pdf,CPI_20200512.xml
6/16/2020,257.252,0.99594,CPI_20200512.pdf,CPI_20200512.xml
6/17/2020,257.19447,0.99572,CPI_20200512.pdf,CPI_20200512.xml
6/18/2020,257.13693,0.99549,CPI_20200512.pdf,CPI_20200512.xml
6/19/2020,257.0794,0.99527,CPI_20200512.pdf,CPI_20200512.xml
6/20/2020,257.02187,0.99505,CPI_20200512.pdf,CPI_20200512.xml
6/21/2020,256.96433,0.99483,CPI_20200512.pdf,CPI_20200512.xml
6/22/2020,256.9068,0.9946,CPI_20200512.pdf,CPI_20200512.xml
6/23/2020,256.84927,0.99438,CPI_20200512.pdf,CPI_20200512.xml
6/24/2020,256.79173,0.99416,CPI_20200512.pdf,CPI_20200512.xml
6/25/2020,256.7342,0.99393,CPI_20200512.pdf,CPI_20200512.xml
6/26/2020,256.67667,0.99371,CPI_20200512.pdf,CPI_20200512.xml
6/27/2020,256.61913,0.99349,CPI_20200512.pdf,CPI_20200512.xml
6/28/2020,256.5616,0.99327,CPI_20200512.pdf,CPI_20200512.xml
6/29/2020,256.50407,0.99304,CPI_20200512.pdf,CPI_20200512.xml
6/30/2020,256.44653,0.99282,CPI_20200512.pdf,CPI_20200512.xml
7/1/2020,256.389,0.9926,CPI_20200610.pdf,CPI_20200610.xml
7/2/2020,256.38916,0.9926,CPI_20200610.pdf,CPI_20200610.xml
7/3/2020,256.38932,0.9926,CPI_20200610.pdf,CPI_20200610.xml
7/4/2020,256.38948,0.9926,CPI_20200610.pdf,CPI_20200610.xml
7/5/2020,256.38965,0.9926,CPI_20200610.pdf,CPI_20200610.xml
7/6/2020,256.38981,0.9926,CPI_20200610.pdf,CPI_20200610.xml
7/7/2020,256.38997,0.9926,CPI_20200610.pdf,CPI_20200610.xml
7/8/2020,256.39013,0.9926,CPI_20200610.pdf,CPI_20200610.xml
7/9/2020,256.39029,0.9926,CPI_20200610.pdf,CPI_20200610.xml
7/10/2020,256.39045,0.9926,CPI_20200610.pdf,CPI_20200610.xml
7/11/2020,256.39061,0.9926,CPI_20200610.pdf,CPI_20200610.xml
7/12/2020,256.39077,0.9926,CPI_20200610.pdf,CPI_20200610.xml
7/13/2020,256.39094,0.99261,CPI_20200610.pdf,CPI_20200610.xml
7/14/2020,256.3911,0.99261,CPI_20200610.pdf,CPI_20200610.xml
7/15/2020,256.39126,0.99261,CPI_20200610.pdf,CPI_20200610.xml
7/16/2020,256.39142,0.99261,CPI_20200610.pdf,CPI_20200610.xml
7/17/2020,256.39158,0.99261,CPI_20200610.pdf,CPI_20200610.xml
7/18/2020,256.39174,0.99261,CPI_20200610.pdf,CPI_20200610.xml
7/19/2020,256.3919,0.99261,CPI_20200610.pdf,CPI_20200610.xml
7/20/2020,256.39206,0.99261,CPI_20200610.pdf,CPI_20200610.xml
7/21/2020,256.39223,0.99261,CPI_20200610.pdf,CPI_20200610.xml
7/22/2020,256.39239,0.99261,CPI_20200610.pdf,CPI_20200610.xml
7/23/2020,256.39255,0.99261,CPI_20200610.pdf,CPI_20200610.xml
7/24/2020,256.39271,0.99261,CPI_20200610.pdf,CPI_20200610.xml
7/25/2020,256.39287,0.99261,CPI_20200610.pdf,CPI_20200610.xml
7/26/2020,256.39303,0.99261,CPI_20200610.pdf,CPI_20200610.xml
7/27/2020,256.39319,0.99261,CPI_20200610.pdf,CPI_20200610.xml
7/28/2020,256.39335,0.99261,CPI_20200610.pdf,CPI_20200610.xml
7/29/2020,256.39352,0.99262,CPI_20200610.pdf,CPI_20200610.xml
7/30/2020,256.39368,0.99262,CPI_20200610.pdf,CPI_20200610.xml
7/31/2020,256.39384,0.99262,CPI_20200610.pdf,CPI_20200610.xml
8/1/2020,256.394,0.99262,CPI_20200714.pdf,CPI_20200714.xml
8/2/2020,256.43926,0.99279,CPI_20200714.pdf,CPI_20200714.xml
8/3/2020,256.48452,0.99297,CPI_20200714.pdf,CPI_20200714.xml
8/4/2020,256.52977,0.99314,CPI_20200714.pdf,CPI_20200714.xml
8/5/2020,256.57503,0.99332,CPI_20200714.pdf,CPI_20200714.xml
8/6/2020,256.62029,0.99349,CPI_20200714.pdf,CPI_20200714.xml
8/7/2020,256.66555,0.99367,CPI_20200714.pdf,CPI_20200714.xml
8/8/2020,256.71081,0.99384,CPI_20200714.pdf,CPI_20200714.xml
8/9/2020,256.75606,0.99402,CPI_20200714.pdf,CPI_20200714.xml
8/10/2020,256.80132,0.99419,CPI_20200714.pdf,CPI_20200714.xml
8/11/2020,256.84658,0.99437,CPI_20200714.pdf,CPI_20200714.xml
8/12/2020,256.89184,0.99454,CPI_20200714.pdf,CPI_20200714.xml
8/13/2020,256.9371,0.99472,CPI_20200714.pdf,CPI_20200714.xml
8/14/2020,256.98235,0.9949,CPI_20200714.pdf,CPI_20200714.xml
8/15/2020,257.02761,0.99507,CPI_20200714.pdf,CPI_20200714.xml
8/16/2020,257.07287,0.99525,CPI_20200714.pdf,CPI_20200714.xml
8/17/2020,257.11813,0.99542,CPI_20200714.pdf,CPI_20200714.xml
8/18/2020,257.16339,0.9956,CPI_20200714.pdf,CPI_20200714.xml
8/19/2020,257.20865,0.99577,CPI_20200714.pdf,CPI_20200714.xml
8/20/2020,257.2539,0.99595,CPI_20200714.pdf,CPI_20200714.xml
8/21/2020,257.29916,0.99612,CPI_20200714.pdf,CPI_20200714.xml
8/22/2020,257.34442,0.9963,CPI_20200714.pdf,CPI_20200714.xml
8/23/2020,257.38968,0.99647,CPI_20200714.pdf,CPI_20200714.xml
8/24/2020,257.43494,0.99665,CPI_20200714.pdf,CPI_20200714.xml
8/25/2020,257.48019,0.99682,CPI_20200714.pdf,CPI_20200714.xml
8/26/2020,257.52545,0.997,CPI_20200714.pdf,CPI_20200714.xml
8/27/2020,257.57071,0.99717,CPI_20200714.pdf,CPI_20200714.xml
8/28/2020,257.61597,0.99735,CPI_20200714.pdf,CPI_20200714.xml
8/29/2020,257.66123,0.99752,CPI_20200714.pdf,CPI_20200714.xml
8/30/2020,257.70648,0.9977,CPI_20200714.pdf,CPI_20200714.xml
8/31/2020,257.75174,0.99787,CPI_20200714.pdf,CPI_20200714.xml
9/1/2020,257.797,0.99805,CPI_20200812.pdf,CPI_20200812.xml
9/2/2020,257.84047,0.99822,CPI_20200812.pdf,CPI_20200812.xml
9/3/2020,257.88393,0.99839,CPI_20200812.pdf,CPI_20200812.xml
9/4/2020,257.9274,0.99855,CPI_20200812.pdf,CPI_20200812.xml
9/5/2020,257.97087,0.99872,CPI_20200812.pdf,CPI_20200812.xml
9/6/2020,258.01433,0.99889,CPI_20200812.pdf,CPI_20200812.xml
9/7/2020,258.0578,0.99906,CPI_20200812.pdf,CPI_20200812.xml
9/8/2020,258.10127,0.99923,CPI_20200812.pdf,CPI_20200812.xml
9/9/2020,258.14473,0.9994,CPI_20200812.pdf,CPI_20200812.xml
9/10/2020,258.1882,0.99956,CPI_20200812.pdf,CPI_20200812.xml
9/11/2020,258.23167,0.99973,CPI_20200812.pdf,CPI_20200812.xml
9/12/2020,258.27513,0.9999,CPI_20200812.pdf,CPI_20200812.xml
9/13/2020,258.3186,1.00007,CPI_20200812.pdf,CPI_20200812.xml
9/14/2020,258.36207,1.00024,CPI_20200812.pdf,CPI_20200812.xml
9/15/2020,258.40553,1.0004,CPI_20200812.pdf,CPI_20200812.xml
9/16/2020,258.449,1.00057,CPI_20200812.pdf,CPI_20200812.xml
9/17/2020,258.49247,1.00074,CPI_20200812.pdf,CPI_20200812.xml
9/18/2020,258.53593,1.00091,CPI_20200812.pdf,CPI_20200812.xml
9/19/2020,258.5794,1.00108,CPI_20200812.pdf,CPI_20200812.xml
9/20/2020,258.62287,1.00125,CPI_20200812.pdf,CPI_20200812.xml
9/21/2020,258.66633,1.00141,CPI_20200812.pdf,CPI_20200812.xml
9/22/2020,258.7098,1.00158,CPI_20200812.pdf,CPI_20200812.xml
9/23/2020,258.75327,1.00175,CPI_20200812.pdf,CPI_20200812.xml
9/24/2020,258.79673,1.00192,CPI_20200812.pdf,CPI_20200812.xml
9/25/2020,258.8402,1.00209,CPI_20200812.pdf,CPI_20200812.xml
9/26/2020,258.88367,1.00226,CPI_20200812.pdf,CPI_20200812.xml
9/27/2020,258.92713,1.00242,CPI_20200812.pdf,CPI_20200812.xml
9/28/2020,258.9706,1.00259,CPI_20200812.pdf,CPI_20200812.xml
9/29/2020,259.01407,1.00276,CPI_20200812.pdf,CPI_20200812.xml
9/30/2020,259.05753,1.00293,CPI_20200812.pdf,CPI_20200812.xml
10/1/2020,259.101,1.0031,CPI_20200911.pdf,CPI_20200911.xml
10/2/2020,259.12735,1.0032,CPI_20200911.pdf,CPI_20200911.xml
10/3/2020,259.15371,1.0033,CPI_20200911.pdf,CPI_20200911.xml
10/4/2020,259.18006,1.0034,CPI_20200911.pdf,CPI_20200911.xml
10/5/2020,259.20642,1.00351,CPI_20200911.pdf,CPI_20200911.xml
10/6/2020,259.23277,1.00361,CPI_20200911.pdf,CPI_20200911.xml
10/7/2020,259.25913,1.00371,CPI_20200911.pdf,CPI_20200911.xml
10/8/2020,259.28548,1.00381,CPI_20200911.pdf,CPI_20200911.xml
10/9/2020,259.31184,1.00391,CPI_20200911.pdf,CPI_20200911.xml
10/10/2020,259.33819,1.00402,CPI_20200911.pdf,CPI_20200911.xml
10/11/2020,259.36455,1.00412,CPI_20200911.pdf,CPI_20200911.xml
10/12/2020,259.3909,1.00422,CPI_20200911.pdf,CPI_20200911.xml
10/13/2020,259.41726,1.00432,CPI_20200911.pdf,CPI_20200911.xml
10/14/2020,259.44361,1.00442,CPI_20200911.pdf,CPI_20200911.xml
10/15/2020,259.46997,1.00453,CPI_20200911.pdf,CPI_20200911.xml
10/16/2020,259.49632,1.00463,CPI_20200911.pdf,CPI_20200911.xml
10/17/2020,259.52268,1.00473,CPI_20200911.pdf,CPI_20200911.xml
10/18/2020,259.54903,1.00483,CPI_20200911.pdf,CPI_20200911.xml
10/19/2020,259.57539,1.00493,CPI_20200911.pdf,CPI_20200911.xml
10/20/2020,259.60174,1.00504,CPI_20200911.pdf,CPI_20200911.xml
10/21/2020,259.6281,1.00514,CPI_20200911.pdf,CPI_20200911.xml
10/22/2020,259.65445,1.00524,CPI_20200911.pdf,CPI_20200911.xml
10/23/2020,259.68081,1.00534,CPI_20200911.pdf,CPI_20200911.xml
10/24/2020,259.70716,1.00544,CPI_20200911.pdf,CPI_20200911.xml
10/25/2020,259.73352,1.00555,CPI_20200911.pdf,CPI_20200911.xml
10/26/2020,259.75987,1.00565,CPI_20200911.pdf,CPI_20200911.xml
10/27/2020,259.78623,1.00575,CPI_20200911.pdf,CPI_20200911.xml
10/28/2020,259.81258,1.00585,CPI_20200911.pdf,CPI_20200911.xml
10/29/2020,259.83894,1.00595,CPI_20200911.pdf,CPI_20200911.xml
10/30/2020,259.86529,1.00606,CPI_20200911.pdf,CPI_20200911.xml
10/31/2020,259.89165,1.00616,CPI_20200911.pdf,CPI_20200911.xml
11/1/2020,259.918,1.00626,CPI_20201013.pdf,CPI_20201013.xml
11/2/2020,259.93007,1.00631,CPI_20201013.pdf,CPI_20201013.xml
11/3/2020,259.94213,1.00635,CPI_20201013.pdf,CPI_20201013.xml
11/4/2020,259.9542,1.0064,CPI_20201013.pdf,CPI_20201013.xml
11/5/2020,259.96627,1.00645,CPI_20201013.pdf,CPI_20201013.xml
11/6/2020,259.97833,1.00649,CPI_20201013.pdf,CPI_20201013.xml
11/7/2020,259.9904,1.00654,CPI_20201013.pdf,CPI_20201013.xml
11/8/2020,260.00247,1.00659,CPI_20201013.pdf,CPI_20201013.xml
11/9/2020,260.01453,1.00663,CPI_20201013.pdf,CPI_20201013.xml
11/10/2020,260.0266,1.00668,CPI_20201013.pdf,CPI_20201013.xml
11/11/2020,260.03867,1.00673,CPI_20201013.pdf,CPI_20201013.xml
11/12/2020,260.05073,1.00677,CPI_20201013.pdf,CPI_20201013.xml
11/13/2020,260.0628,1.00682,CPI_20201013.pdf,CPI_20201013.xml
11/14/2020,260.07487,1.00687,CPI_20201013.pdf,CPI_20201013.xml
11/15/2020,260.08693,1.00691,CPI_20201013.pdf,CPI_20201013.xml
11/16/2020,260.099,1.00696,CPI_20201013.pdf,CPI_20201013.xml
11/17/2020,260.11107,1.00701,CPI_20201013.pdf,CPI_20201013.xml
11/18/2020,260.12313,1.00705,CPI_20201013.pdf,CPI_20201013.xml
11/19/2020,260.1352,1.0071,CPI_20201013.pdf,CPI_20201013.xml
11/20/2020,260.14727,1.00715,CPI_20201013.pdf,CPI_20201013.xml
11/21/2020,260.15933,1.00719,CPI_20201013.pdf,CPI_20201013.xml
11/22/2020,260.1714,1.00724,CPI_20201013.pdf,CPI_20201013.xml
11/23/2020,260.18347,1.00729,CPI_20201013.pdf,CPI_20201013.xml
11/24/2020,260.19553,1.00733,CPI_20201013.pdf,CPI_20201013.xml
11/25/2020,260.2076,1.00738,CPI_20201013.pdf,CPI_20201013.xml
11/26/2020,260.21967,1.00743,CPI_20201013.pdf,CPI_20201013.xml
11/27/2020,260.23173,1.00748,CPI_20201013.pdf,CPI_20201013.xml
11/28/2020,260.2438,1.00752,CPI_20201013.pdf,CPI_20201013.xml
11/29/2020,260.25587,1.00757,CPI_20201013.pdf,CPI_20201013.xml
11/30/2020,260.26793,1.00762,CPI_20201013.pdf,CPI_20201013.xml
12/1/2020,260.28,1.00766,CPI_20201112.pdf,CPI_20201112.xml
12/2/2020,260.28348,1.00768,CPI_20201112.pdf,CPI_20201112.xml
12/3/2020,260.28697,1.00769,CPI_20201112.pdf,CPI_20201112.xml
12/4/2020,260.29045,1.0077,CPI_20201112.pdf,CPI_20201112.xml
12/5/2020,260.29394,1.00772,CPI_20201112.pdf,CPI_20201112.xml
12/6/2020,260.29742,1.00773,CPI_20201112.pdf,CPI_20201112.xml
12/7/2020,260.3009,1.00774,CPI_20201112.pdf,CPI_20201112.xml
12/8/2020,260.30439,1.00776,CPI_20201112.pdf,CPI_20201112.xml
12/9/2020,260.30787,1.00777,CPI_20201112.pdf,CPI_20201112.xml
12/10/2020,260.31135,1.00778,CPI_20201112.pdf,CPI_20201112.xml
12/11/2020,260.31484,1.0078,CPI_20201112.pdf,CPI_20201112.xml
12/12/2020,260.31832,1.00781,CPI_20201112.pdf,CPI_20201112.xml
12/13/2020,260.32181,1.00782,CPI_20201112.pdf,CPI_20201112.xml
12/14/2020,260.32529,1.00784,CPI_20201112.pdf,CPI_20201112.xml
12/15/2020,260.32877,1.00785,CPI_20201112.pdf,CPI_20201112.xml
12/16/2020,260.33226,1.00786,CPI_20201112.pdf,CPI_20201112.xml
12/17/2020,260.33574,1.00788,CPI_20201112.pdf,CPI_20201112.xml
12/18/2020,260.33923,1.00789,CPI_20201112.pdf,CPI_20201112.xml
12/19/2020,260.34271,1.0079,CPI_20201112.pdf,CPI_20201112.xml
12/20/2020,260.34619,1.00792,CPI_20201112.pdf,CPI_20201112.xml
12/21/2020,260.34968,1.00793,CPI_20201112.pdf,CPI_20201112.xml
12/22/2020,260.35316,1.00795,CPI_20201112.pdf,CPI_20201112.xml
12/23/2020,260.35665,1.00796,CPI_20201112.pdf,CPI_20201112.xml
12/24/2020,260.36013,1.00797,CPI_20201112.pdf,CPI_20201112.xml
12/25/2020,260.36361,1.00799,CPI_20201112.pdf,CPI_20201112.xml
12/26/2020,260.3671,1.008,CPI_20201112.pdf,CPI_20201112.xml
12/27/2020,260.37058,1.00801,CPI_20201112.pdf,CPI_20201112.xml
12/28/2020,260.37406,1.00803,CPI_20201112.pdf,CPI_20201112.xml
12/29/2020,260.37755,1.00804,CPI_20201112.pdf,CPI_20201112.xml
12/30/2020,260.38103,1.00805,CPI_20201112.pdf,CPI_20201112.xml
12/31/2020,260.38452,1.00807,CPI_20201112.pdf,CPI_20201112.xml
1/1/2021,260.388,1.00808,CPI_20201210.pdf,CPI_20201210.xml
1/2/2021,260.38287,1.00806,CPI_20201210.pdf,CPI_20201210.xml
1/3/2021,260.37774,1.00804,CPI_20201210.pdf,CPI_20201210.xml
1/4/2021,260.37261,1.00802,CPI_20201210.pdf,CPI_20201210.xml
1/5/2021,260.36748,1.008,CPI_20201210.pdf,CPI_20201210.xml
1/6/2021,260.36235,1.00798,CPI_20201210.pdf,CPI_20201210.xml
1/7/2021,260.35723,1.00796,CPI_20201210.pdf,CPI_20201210.xml
1/8/2021,260.3521,1.00794,CPI_20201210.pdf,CPI_20201210.xml
1/9/2021,260.34697,1.00792,CPI_20201210.pdf,CPI_20201210.xml
1/10/2021,260.34184,1.0079,CPI_20201210.pdf,CPI_20201210.xml
1/11/2021,260.33671,1.00788,CPI_20201210.pdf,CPI_20201210.xml
1/12/2021,260.33158,1.00786,CPI_20201210.pdf,CPI_20201210.xml
1/13/2021,260.32645,1.00784,CPI_20201210.pdf,CPI_20201210.xml
1/14/2021,260.32132,1.00782,CPI_20201210.pdf,CPI_20201210.xml
1/15/2021,260.31619,1.0078,CPI_20201210.pdf,CPI_20201210.xml
1/16/2021,260.31106,1.00778,CPI_20201210.pdf,CPI_20201210.xml
1/17/2021,260.30594,1.00776,CPI_20201210.pdf,CPI_20201210.xml
1/18/2021,260.30081,1.00774,CPI_20201210.pdf,CPI_20201210.xml
1/19/2021,260.29568,1.00772,CPI_20201210.pdf,CPI_20201210.xml
1/20/2021,260.29055,1.0077,CPI_20201210.pdf,CPI_20201210.xml
1/21/2021,260.28542,1.00768,CPI_20201210.pdf,CPI_20201210.xml
1/22/2021,260.28029,1.00766,CPI_20201210.pdf,CPI_20201210.xml
1/23/2021,260.27516,1.00764,CPI_20201210.pdf,CPI_20201210.xml
1/24/2021,260.27003,1.00762,CPI_20201210.pdf,CPI_20201210.xml
1/25/2021,260.2649,1.0076,CPI_20201210.pdf,CPI_20201210.xml
1/26/2021,260.25977,1.00758,CPI_20201210.pdf,CPI_20201210.xml
1/27/2021,260.25465,1.00756,CPI_20201210.pdf,CPI_20201210.xml
1/28/2021,260.24952,1.00754,CPI_20201210.pdf,CPI_20201210.xml
1/29/2021,260.24439,1.00752,CPI_20201210.pdf,CPI_20201210.xml
1/30/2021,260.23926,1.0075,CPI_20201210.pdf,CPI_20201210.xml
1/31/2021,260.23413,1.00748,CPI_20201210.pdf,CPI_20201210.xml
2/1/2021,260.229,1.00746,CPI_20210113.pdf,CPI_20210113.xml
2/2/2021,260.23775,1.0075,CPI_20210113.pdf,CPI_20210113.xml
2/3/2021,260.2465,1.00753,CPI_20210113.pdf,CPI_20210113.xml
2/4/2021,260.25525,1.00757,CPI_20210113.pdf,CPI_20210113.xml
2/5/2021,260.264,1.0076,CPI_20210113.pdf,CPI_20210113.xml
2/6/2021,260.27275,1.00763,CPI_20210113.pdf,CPI_20210113.xml
2/7/2021,260.2815,1.00767,CPI_20210113.pdf,CPI_20210113.xml
2/8/2021,260.29025,1.0077,CPI_20210113.pdf,CPI_20210113.xml
2/9/2021,260.299,1.00774,CPI_20210113.pdf,CPI_20210113.xml
2/10/2021,260.30775,1.00777,CPI_20210113.pdf,CPI_20210113.xml
2/11/2021,260.3165,1.0078,CPI_20210113.pdf,CPI_20210113.xml
2/12/2021,260.32525,1.00784,CPI_20210113.pdf,CPI_20210113.xml
2/13/2021,260.334,1.00787,CPI_20210113.pdf,CPI_20210113.xml
2/14/2021,260.34275,1.0079,CPI_20210113.pdf,CPI_20210113.xml
2/15/2021,260.3515,1.00794,CPI_20210113.pdf,CPI_20210113.xml
2/16/2021,260.36025,1.00797,CPI_20210113.pdf,CPI_20210113.xml
2/17/2021,260.369,1.00801,CPI_20210113.pdf,CPI_20210113.xml
2/18/2021,260.37775,1.00804,CPI_20210113.pdf,CPI_20210113.xml
2/19/2021,260.3865,1.00807,CPI_20210113.pdf,CPI_20210113.xml
2/20/2021,260.39525,1.00811,CPI_20210113.pdf,CPI_20210113.xml
2/21/2021,260.404,1.00814,CPI_20210113.pdf,CPI_20210113.xml
2/22/2021,260.41275,1.00818,CPI_20210113.pdf,CPI_20210113.xml
2/23/2021,260.4215,1.00821,CPI_20210113.pdf,CPI_20210113.xml
2/24/2021,260.43025,1.00824,CPI_20210113.pdf,CPI_20210113.xml
2/25/2021,260.439,1.00828,CPI_20210113.pdf,CPI_20210113.xml
2/26/2021,260.44775,1.00831,CPI_20210113.pdf,CPI_20210113.xml
2/27/2021,260.4565,1.00835,CPI_20210113.pdf,CPI_20210113.xml
2/28/2021,260.46525,1.00838,CPI_20210113.pdf,CPI_20210113.xml
3/1/2021,260.474,1.00841,CPI_20210210.pdf,CPI_20210210.xml
3/2/2021,260.50974,1.00855,CPI_20210210.pdf,CPI_20210210.xml
3/3/2021,260.54548,1.00869,CPI_20210210.pdf,CPI_20210210.xml
3/4/2021,260.58123,1.00883,CPI_20210210.pdf,CPI_20210210.xml
3/5/2021,260.61697,1.00897,CPI_20210210.pdf,CPI_20210210.xml
3/6/2021,260.65271,1.0091,CPI_20210210.pdf,CPI_20210210.xml
3/7/2021,260.68845,1.00924,CPI_20210210.pdf,CPI_20210210.xml
3/8/2021,260.72419,1.00938,CPI_20210210.pdf,CPI_20210210.xml
3/9/2021,260.75994,1.00952,CPI_20210210.pdf,CPI_20210210.xml
3/10/2021,260.79568,1.00966,CPI_20210210.pdf,CPI_20210210.xml
3/11/2021,260.83142,1.0098,CPI_20210210.pdf,CPI_20210210.xml
3/12/2021,260.86716,1.00994,CPI_20210210.pdf,CPI_20210210.xml
3/13/2021,260.9029,1.01007,CPI_20210210.pdf,CPI_20210210.xml
3/14/2021,260.93865,1.01021,CPI_20210210.pdf,CPI_20210210.xml
3/15/2021,260.97439,1.01035,CPI_20210210.pdf,CPI_20210210.xml
3/16/2021,261.01013,1.01049,CPI_20210210.pdf,CPI_20210210.xml
3/17/2021,261.04587,1.01063,CPI_20210210.pdf,CPI_20210210.xml
3/18/2021,261.08161,1.01077,CPI_20210210.pdf,CPI_20210210.xml
3/19/2021,261.11735,1.0109,CPI_20210210.pdf,CPI_20210210.xml
3/20/2021,261.1531,1.01104,CPI_20210210.pdf,CPI_20210210.xml
3/21/2021,261.18884,1.01118,CPI_20210210.pdf,CPI_20210210.xml
3/22/2021,261.22458,1.01132,CPI_20210210.pdf,CPI_20210210.xml
3/23/2021,261.26032,1.01146,CPI_20210210.pdf,CPI_20210210.xml
3/24/2021,261.29606,1.0116,CPI_20210210.pdf,CPI_20210210.xml
3/25/2021,261.33181,1.01173,CPI_20210210.pdf,CPI_20210210.xml
3/26/2021,261.36755,1.01187,CPI_20210210.pdf,CPI_20210210.xml
3/27/2021,261.40329,1.01201,CPI_20210210.pdf,CPI_20210210.xml
3/28/2021,261.43903,1.01215,CPI_20210210.pdf,CPI_20210210.xml
3/29/2021,261.47477,1.01229,CPI_20210210.pdf,CPI_20210210.xml
3/30/2021,261.51052,1.01243,CPI_20210210.pdf,CPI_20210210.xml
3/31/2021,261.54626,1.01256,CPI_20210210.pdf,CPI_20210210.xml
4/1/2021,261.582,1.0127,CPI_20210310.pdf,CPI_20210310.xml
4/2/2021,261.62973,1.01289,CPI_20210310.pdf,CPI_20210310.xml
4/3/2021,261.67747,1.01307,CPI_20210310.pdf,CPI_20210310.xml
4/4/2021,261.7252,1.01326,CPI_20210310.pdf,CPI_20210310.xml
4/5/2021,261.77293,1.01344,CPI_20210310.pdf,CPI_20210310.xml
4/6/2021,261.82067,1.01363,CPI_20210310.pdf,CPI_20210310.xml
4/7/2021,261.8684,1.01381,CPI_20210310.pdf,CPI_20210310.xml
4/8/2021,261.91613,1.014,CPI_20210310.pdf,CPI_20210310.xml
4/9/2021,261.96387,1.01418,CPI_20210310.pdf,CPI_20210310.xml
4/10/2021,262.0116,1.01437,CPI_20210310.pdf,CPI_20210310.xml
4/11/2021,262.05933,1.01455,CPI_20210310.pdf,CPI_20210310.xml
4/12/2021,262.10707,1.01474,CPI_20210310.pdf,CPI_20210310.xml
4/13/2021,262.1548,1.01492,CPI_20210310.pdf,CPI_20210310.xml
4/14/2021,262.20253,1.0151,CPI_20210310.pdf,CPI_20210310.xml
4/15/2021,262.25027,1.01529,CPI_20210310.pdf,CPI_20210310.xml
4/16/2021,262.298,1.01547,CPI_20210310.pdf,CPI_20210310.xml
4/17/2021,262.34573,1.01566,CPI_20210310.pdf,CPI_20210310.xml
4/18/2021,262.39347,1.01584,CPI_20210310.pdf,CPI_20210310.xml
4/19/2021,262.4412,1.01603,CPI_20210310.pdf,CPI_20210310.xml
4/20/2021,262.48893,1.01621,CPI_20210310.pdf,CPI_20210310.xml
4/21/2021,262.53667,1.0164,CPI_20210310.pdf,CPI_20210310.xml
4/22/2021,262.5844,1.01658,CPI_20210310.pdf,CPI_20210310.xml
4/23/2021,262.63213,1.01677,CPI_20210310.pdf,CPI_20210310.xml
4/24/2021,262.67987,1.01695,CPI_20210310.pdf,CPI_20210310.xml
4/25/2021,262.7276,1.01714,CPI_20210310.pdf,CPI_20210310.xml
4/26/2021,262.77533,1.01732,CPI_20210310.pdf,CPI_20210310.xml
4/27/2021,262.82307,1.01751,CPI_20210310.pdf,CPI_20210310.xml
4/28/2021,262.8708,1.01769,CPI_20210310.pdf,CPI_20210310.xml
4/29/2021,262.91853,1.01788,CPI_20210310.pdf,CPI_20210310.xml
4/30/2021,262.96627,1.01806,CPI_20210310.pdf,CPI_20210310.xml
5/1/2021,263.014,1.01825,CPI_20210413.pdf,CPI_20210413.xml
5/2/2021,263.0741,1.01848,CPI_20210413.pdf,CPI_20210413.xml
5/3/2021,263.13419,1.01871,CPI_20210413.pdf,CPI_20210413.xml
5/4/2021,263.19429,1.01894,CPI_20210413.pdf,CPI_20210413.xml
5/5/2021,263.25439,1.01918,CPI_20210413.pdf,CPI_20210413.xml
5/6/2021,263.31448,1.01941,CPI_20210413.pdf,CPI_20210413.xml
5/7/2021,263.37458,1.01964,CPI_20210413.pdf,CPI_20210413.xml
5/8/2021,263.43468,1.01988,CPI_20210413.pdf,CPI_20210413.xml
5/9/2021,263.49477,1.02011,CPI_20210413.pdf,CPI_20210413.xml
5/10/2021,263.55487,1.02034,CPI_20210413.pdf,CPI_20210413.xml
5/11/2021,263.61497,1.02057,CPI_20210413.pdf,CPI_20210413.xml
5/12/2021,263.67506,1.02081,CPI_20210413.pdf,CPI_20210413.xml
5/13/2021,263.73516,1.02104,CPI_20210413.pdf,CPI_20210413.xml
5/14/2021,263.79526,1.02127,CPI_20210413.pdf,CPI_20210413.xml
5/15/2021,263.85535,1.0215,CPI_20210413.pdf,CPI_20210413.xml
5/16/2021,263.91545,1.02174,CPI_20210413.pdf,CPI_20210413.xml
5/17/2021,263.97555,1.02197,CPI_20210413.pdf,CPI_20210413.xml
5/18/2021,264.03565,1.0222,CPI_20210413.pdf,CPI_20210413.xml
5/19/2021,264.09574,1.02243,CPI_20210413.pdf,CPI_20210413.xml
5/20/2021,264.15584,1.02267,CPI_20210413.pdf,CPI_20210413.xml
5/21/2021,264.21594,1.0229,CPI_20210413.pdf,CPI_20210413.xml
5/22/2021,264.27603,1.02313,CPI_20210413.pdf,CPI_20210413.xml
5/23/2021,264.33613,1.02336,CPI_20210413.pdf,CPI_20210413.xml
5/24/2021,264.39623,1.0236,CPI_20210413.pdf,CPI_20210413.xml
5/25/2021,264.45632,1.02383,CPI_20210413.pdf,CPI_20210413.xml
5/26/2021,264.51642,1.02406,CPI_20210413.pdf,CPI_20210413.xml
5/27/2021,264.57652,1.0243,CPI_20210413.pdf,CPI_20210413.xml
5/28/2021,264.63661,1.02453,CPI_20210413.pdf,CPI_20210413.xml
5/29/2021,264.69671,1.02476,CPI_20210413.pdf,CPI_20210413.xml
5/30/2021,264.75681,1.02499,CPI_20210413.pdf,CPI_20210413.xml
5/31/2021,264.8169,1.02523,CPI_20210413.pdf,CPI_20210413.xml
6/1/2021,264.877,1.02546,CPI_20210512.pdf,CPI_20210512.xml
6/2/2021,264.94957,1.02574,CPI_20210512.pdf,CPI_20210512.xml
6/3/2021,265.02213,1.02602,CPI_20210512.pdf,CPI_20210512.xml
6/4/2021,265.0947,1.0263,CPI_20210512.pdf,CPI_20210512.xml
6/5/2021,265.16727,1.02658,CPI_20210512.pdf,CPI_20210512.xml
6/6/2021,265.23983,1.02686,CPI_20210512.pdf,CPI_20210512.xml
6/7/2021,265.3124,1.02714,CPI_20210512.pdf,CPI_20210512.xml
6/8/2021,265.38497,1.02743,CPI_20210512.pdf,CPI_20210512.xml
6/9/2021,265.45753,1.02771,CPI_20210512.pdf,CPI_20210512.xml
6/10/2021,265.5301,1.02799,CPI_20210512.pdf,CPI_20210512.xml
6/11/2021,265.60267,1.02827,CPI_20210512.pdf,CPI_20210512.xml
6/12/2021,265.67523,1.02855,CPI_20210512.pdf,CPI_20210512.xml
6/13/2021,265.7478,1.02883,CPI_20210512.pdf,CPI_20210512.xml
6/14/2021,265.82037,1.02911,CPI_20210512.pdf,CPI_20210512.xml
6/15/2021,265.89293,1.02939,CPI_20210512.pdf,CPI_20210512.xml
6/16/2021,265.9655,1.02967,CPI_20210512.pdf,CPI_20210512.xml
6/17/2021,266.03807,1.02995,CPI_20210512.pdf,CPI_20210512.xml
6/18/2021,266.11063,1.03023,CPI_20210512.pdf,CPI_20210512.xml
6/19/2021,266.1832,1.03052,CPI_20210512.pdf,CPI_20210512.xml
6/20/2021,266.25577,1.0308,CPI_20210512.pdf,CPI_20210512.xml
6/21/2021,266.32833,1.03108,CPI_20210512.pdf,CPI_20210512.xml
6/22/2021,266.4009,1.03136,CPI_20210512.pdf,CPI_20210512.xml
6/23/2021,266.47347,1.03164,CPI_20210512.pdf,CPI_20210512.xml
6/24/2021,266.54603,1.03192,CPI_20210512.pdf,CPI_20210512.xml
6/25/2021,266.6186,1.0322,CPI_20210512.pdf,CPI_20210512.xml
6/26/2021,266.69117,1.03248,CPI_20210512.pdf,CPI_20210512.xml
6/27/2021,266.76373,1.03276,CPI_20210512.pdf,CPI_20210512.xml
6/28/2021,266.8363,1.03304,CPI_20210512.pdf,CPI_20210512.xml
6/29/2021,266.90887,1.03333,CPI_20210512.pdf,CPI_20210512.xml
6/30/2021,266.98143,1.03361,CPI_20210512.pdf,CPI_20210512.xml
7/1/2021,267.054,1.03389,CPI_20210610.pdf,CPI_20210610.xml
7/2/2021,267.12306,1.03415,CPI_20210610.pdf,CPI_20210610.xml
7/3/2021,267.19213,1.03442,CPI_20210610.pdf,CPI_20210610.xml
7/4/2021,267.26119,1.03469,CPI_20210610.pdf,CPI_20210610.xml
7/5/2021,267.33026,1.03496,CPI_20210610.pdf,CPI_20210610.xml
7/6/2021,267.39932,1.03522,CPI_20210610.pdf,CPI_20210610.xml
7/7/2021,267.46839,1.03549,CPI_20210610.pdf,CPI_20210610.xml
7/8/2021,267.53745,1.03576,CPI_20210610.pdf,CPI_20210610.xml
7/9/2021,267.60652,1.03603,CPI_20210610.pdf,CPI_20210610.xml
7/10/2021,267.67558,1.03629,CPI_20210610.pdf,CPI_20210610.xml
7/11/2021,267.74465,1.03656,CPI_20210610.pdf,CPI_20210610.xml
7/12/2021,267.81371,1.03683,CPI_20210610.pdf,CPI_20210610.xml
7/13/2021,267.88277,1.0371,CPI_20210610.pdf,CPI_20210610.xml
7/14/2021,267.95184,1.03736,CPI_20210610.pdf,CPI_20210610.xml
7/15/2021,268.0209,1.03763,CPI_20210610.pdf,CPI_20210610.xml
7/16/2021,268.08997,1.0379,CPI_20210610.pdf,CPI_20210610.xml
7/17/2021,268.15903,1.03817,CPI_20210610.pdf,CPI_20210610.xml
7/18/2021,268.2281,1.03843,CPI_20210610.pdf,CPI_20210610.xml
7/19/2021,268.29716,1.0387,CPI_20210610.pdf,CPI_20210610.xml
7/20/2021,268.36623,1.03897,CPI_20210610.pdf,CPI_20210610.xml
7/21/2021,268.43529,1.03923,CPI_20210610.pdf,CPI_20210610.xml
7/22/2021,268.50435,1.0395,CPI_20210610.pdf,CPI_20210610.xml
7/23/2021,268.57342,1.03977,CPI_20210610.pdf,CPI_20210610.xml
7/24/2021,268.64248,1.04004,CPI_20210610.pdf,CPI_20210610.xml
7/25/2021,268.71155,1.0403,CPI_20210610.pdf,CPI_20210610.xml
7/26/2021,268.78061,1.04057,CPI_20210610.pdf,CPI_20210610.xml
7/27/2021,268.84968,1.04084,CPI_20210610.pdf,CPI_20210610.xml
7/28/2021,268.91874,1.04111,CPI_20210610.pdf,CPI_20210610.xml
7/29/2021,268.98781,1.04137,CPI_20210610.pdf,CPI_20210610.xml
7/30/2021,269.05687,1.04164,CPI_20210610.pdf,CPI_20210610.xml
7/31/2021,269.12594,1.04191,CPI_20210610.pdf,CPI_20210610.xml
8/1/2021,269.195,1.04218,CPI_20210713.pdf,CPI_20210713.xml
8/2/2021,269.27568,1.04249,CPI_20210713.pdf,CPI_20210713.xml
8/3/2021,269.35635,1.0428,CPI_20210713.pdf,CPI_20210713.xml
8/4/2021,269.43703,1.04311,CPI_20210713.pdf,CPI_20210713.xml
8/5/2021,269.51771,1.04343,CPI_20210713.pdf,CPI_20210713.xml
8/6/2021,269.59839,1.04374,CPI_20210713.pdf,CPI_20210713.xml
8/7/2021,269.67906,1.04405,CPI_20210713.pdf,CPI_20210713.xml
8/8/2021,269.75974,1.04436,CPI_20210713.pdf,CPI_20210713.xml
8/9/2021,269.84042,1.04467,CPI_20210713.pdf,CPI_20210713.xml
8/10/2021,269.9211,1.04499,CPI_20210713.pdf,CPI_20210713.xml
8/11/2021,270.00177,1.0453,CPI_20210713.pdf,CPI_20210713.xml
8/12/2021,270.08245,1.04561,CPI_20210713.pdf,CPI_20210713.xml
8/13/2021,270.16313,1.04592,CPI_20210713.pdf,CPI_20210713.xml
8/14/2021,270.24381,1.04624,CPI_20210713.pdf,CPI_20210713.xml
8/15/2021,270.32448,1.04655,CPI_20210713.pdf,CPI_20210713.xml
8/16/2021,270.40516,1.04686,CPI_20210713.pdf,CPI_20210713.xml
8/17/2021,270.48584,1.04717,CPI_20210713.pdf,CPI_20210713.xml
8/18/2021,270.56652,1.04749,CPI_20210713.pdf,CPI_20210713.xml
8/19/2021,270.64719,1.0478,CPI_20210713.pdf,CPI_20210713.xml
8/20/2021,270.72787,1.04811,CPI_20210713.pdf,CPI_20210713.xml
8/21/2021,270.80855,1.04842,CPI_20210713.pdf,CPI_20210713.xml
8/22/2021,270.88923,1.04874,CPI_20210713.pdf,CPI_20210713.xml
8/23/2021,270.9699,1.04905,CPI_20210713.pdf,CPI_20210713.xml
8/24/2021,271.05058,1.04936,CPI_20210713.pdf,CPI_20210713.xml
8/25/2021,271.13126,1.04967,CPI_20210713.pdf,CPI_20210713.xml
8/26/2021,271.21194,1.04998,CPI_20210713.pdf,CPI_20210713.xml
8/27/2021,271.29261,1.0503,CPI_20210713.pdf,CPI_20210713.xml
8/28/2021,271.37329,1.05061,CPI_20210713.pdf,CPI_20210713.xml
8/29/2021,271.45397,1.05092,CPI_20210713.pdf,CPI_20210713.xml
8/30/2021,271.53465,1.05123,CPI_20210713.pdf,CPI_20210713.xml
8/31/2021,271.61532,1.05155,CPI_20210713.pdf,CPI_20210713.xml
9/1/2021,271.696,1.05186,CPI_20210811.pdf,CPI_20210811.xml
9/2/2021,271.73957,1.05203,CPI_20210811.pdf,CPI_20210811.xml
9/3/2021,271.78313,1.0522,CPI_20210811.pdf,CPI_20210811.xml
9/4/2021,271.8267,1.05236,CPI_20210811.pdf,CPI_20210811.xml
9/5/2021,271.87027,1.05253,CPI_20210811.pdf,CPI_20210811.xml
9/6/2021,271.91383,1.0527,CPI_20210811.pdf,CPI_20210811.xml
9/7/2021,271.9574,1.05287,CPI_20210811.pdf,CPI_20210811.xml
9/8/2021,272.00097,1.05304,CPI_20210811.pdf,CPI_20210811.xml
9/9/2021,272.04453,1.05321,CPI_20210811.pdf,CPI_20210811.xml
9/10/2021,272.0881,1.05338,CPI_20210811.pdf,CPI_20210811.xml
9/11/2021,272.13167,1.05355,CPI_20210811.pdf,CPI_20210811.xml
9/12/2021,272.17523,1.05371,CPI_20210811.pdf,CPI_20210811.xml
9/13/2021,272.2188,1.05388,CPI_20210811.pdf,CPI_20210811.xml
9/14/2021,272.26237,1.05405,CPI_20210811.pdf,CPI_20210811.xml
9/15/2021,272.30593,1.05422,CPI_20210811.pdf,CPI_20210811.xml
9/16/2021,272.3495,1.05439,CPI_20210811.pdf,CPI_20210811.xml
9/17/2021,272.39307,1.05456,CPI_20210811.pdf,CPI_20210811.xml
9/18/2021,272.43663,1.05473,CPI_20210811.pdf,CPI_20210811.xml
9/19/2021,272.4802,1.05489,CPI_20210811.pdf,CPI_20210811.xml
9/20/2021,272.52377,1.05506,CPI_20210811.pdf,CPI_20210811.xml
9/21/2021,272.56733,1.05523,CPI_20210811.pdf,CPI_20210811.xml
9/22/2021,272.6109,1.0554,CPI_20210811.pdf,CPI_20210811.xml
9/23/2021,272.65447,1.05557,CPI_20210811.pdf,CPI_20210811.xml
9/24/2021,272.69803,1.05574,CPI_20210811.pdf,CPI_20210811.xml
9/25/2021,272.7416,1.05591,CPI_20210811.pdf,CPI_20210811.xml
9/26/2021,272.78517,1.05608,CPI_20210811.pdf,CPI_20210811.xml
9/27/2021,272.82873,1.05624,CPI_20210811.pdf,CPI_20210811.xml
9/28/2021,272.8723,1.05641,CPI_20210811.pdf,CPI_20210811.xml
9/29/2021,272.91587,1.05658,CPI_20210811.pdf,CPI_20210811.xml
9/30/2021,272.95943,1.05675,CPI_20210811.pdf,CPI_20210811.xml
10/1/2021,273.003,1.05692,CPI_20210914.pdf,CPI_20210914.xml
10/2/2021,273.02119,1.05699,CPI_20210914.pdf,CPI_20210914.xml
10/3/2021,273.03939,1.05706,CPI_20210914.pdf,CPI_20210914.xml
10/4/2021,273.05758,1.05713,CPI_20210914.pdf,CPI_20210914.xml
10/5/2021,273.07577,1.0572,CPI_20210914.pdf,CPI_20210914.xml
10/6/2021,273.09397,1.05727,CPI_20210914.pdf,CPI_20210914.xml
10/7/2021,273.11216,1.05734,CPI_20210914.pdf,CPI_20210914.xml
10/8/2021,273.13035,1.05741,CPI_20210914.pdf,CPI_20210914.xml
10/9/2021,273.14855,1.05748,CPI_20210914.pdf,CPI_20210914.xml
10/10/2021,273.16674,1.05755,CPI_20210914.pdf,CPI_20210914.xml
10/11/2021,273.18494,1.05762,CPI_20210914.pdf,CPI_20210914.xml
10/12/2021,273.20313,1.05769,CPI_20210914.pdf,CPI_20210914.xml
10/13/2021,273.22132,1.05776,CPI_20210914.pdf,CPI_20210914.xml
10/14/2021,273.23952,1.05783,CPI_20210914.pdf,CPI_20210914.xml
10/15/2021,273.25771,1.0579,CPI_20210914.pdf,CPI_20210914.xml
10/16/2021,273.2759,1.05797,CPI_20210914.pdf,CPI_20210914.xml
10/17/2021,273.2941,1.05805,CPI_20210914.pdf,CPI_20210914.xml
10/18/2021,273.31229,1.05812,CPI_20210914.pdf,CPI_20210914.xml
10/19/2021,273.33048,1.05819,CPI_20210914.pdf,CPI_20210914.xml
10/20/2021,273.34868,1.05826,CPI_20210914.pdf,CPI_20210914.xml
10/21/2021,273.36687,1.05833,CPI_20210914.pdf,CPI_20210914.xml
10/22/2021,273.38506,1.0584,CPI_20210914.pdf,CPI_20210914.xml
10/23/2021,273.40326,1.05847,CPI_20210914.pdf,CPI_20210914.xml
10/24/2021,273.42145,1.05854,CPI_20210914.pdf,CPI_20210914.xml
10/25/2021,273.43965,1.05861,CPI_20210914.pdf,CPI_20210914.xml
10/26/2021,273.45784,1.05868,CPI_20210914.pdf,CPI_20210914.xml
10/27/2021,273.47603,1.05875,CPI_20210914.pdf,CPI_20210914.xml
10/28/2021,273.49423,1.05882,CPI_20210914.pdf,CPI_20210914.xml
10/29/2021,273.51242,1.05889,CPI_20210914.pdf,CPI_20210914.xml
10/30/2021,273.53061,1.05896,CPI_20210914.pdf,CPI_20210914.xml
10/31/2021,273.54881,1.05903,CPI_20210914.pdf,CPI_20210914.xml
11/1/2021,273.567,1.0591,CPI_20211013.pdf,CPI_20211013.xml
11/2/2021,273.59177,1.0592,CPI_20211013.pdf,CPI_20211013.xml
11/3/2021,273.61653,1.05929,CPI_20211013.pdf,CPI_20211013.xml
11/4/2021,273.6413,1.05939,CPI_20211013.pdf,CPI_20211013.xml
11/5/2021,273.66607,1.05949,CPI_20211013.pdf,CPI_20211013.xml
11/6/2021,273.69083,1.05958,CPI_20211013.pdf,CPI_20211013.xml
11/7/2021,273.7156,1.05968,CPI_20211013.pdf,CPI_20211013.xml
11/8/2021,273.74037,1.05977,CPI_20211013.pdf,CPI_20211013.xml
11/9/2021,273.76513,1.05987,CPI_20211013.pdf,CPI_20211013.xml
11/10/2021,273.7899,1.05996,CPI_20211013.pdf,CPI_20211013.xml
11/11/2021,273.81467,1.06006,CPI_20211013.pdf,CPI_20211013.xml
11/12/2021,273.83943,1.06016,CPI_20211013.pdf,CPI_20211013.xml
11/13/2021,273.8642,1.06025,CPI_20211013.pdf,CPI_20211013.xml
11/14/2021,273.88897,1.06035,CPI_20211013.pdf,CPI_20211013.xml
11/15/2021,273.91373,1.06044,CPI_20211013.pdf,CPI_20211013.xml
11/16/2021,273.9385,1.06054,CPI_20211013.pdf,CPI_20211013.xml
11/17/2021,273.96327,1.06064,CPI_20211013.pdf,CPI_20211013.xml
11/18/2021,273.98803,1.06073,CPI_20211013.pdf,CPI_20211013.xml
11/19/2021,274.0128,1.06083,CPI_20211013.pdf,CPI_20211013.xml
11/20/2021,274.03757,1.06092,CPI_20211013.pdf,CPI_20211013.xml
11/21/2021,274.06233,1.06102,CPI_20211013.pdf,CPI_20211013.xml
11/22/2021,274.0871,1.06112,CPI_20211013.pdf,CPI_20211013.xml
11/23/2021,274.11187,1.06121,CPI_20211013.pdf,CPI_20211013.xml
11/24/2021,274.13663,1.06131,CPI_20211013.pdf,CPI_20211013.xml
11/25/2021,274.1614,1.0614,CPI_20211013.pdf,CPI_20211013.xml
11/26/2021,274.18617,1.0615,CPI_20211013.pdf,CPI_20211013.xml
11/27/2021,274.21093,1.06159,CPI_20211013.pdf,CPI_20211013.xml
11/28/2021,274.2357,1.06169,CPI_20211013.pdf,CPI_20211013.xml
11/29/2021,274.26047,1.06179,CPI_20211013.pdf,CPI_20211013.xml
11/30/2021,274.28523,1.06188,CPI_20211013.pdf,CPI_20211013.xml
12/1/2021,274.31,1.06198,CPI_20211110.pdf,CPI_20211110.xml
12/2/2021,274.38352,1.06226,CPI_20211110.pdf,CPI_20211110.xml
12/3/2021,274.45703,1.06255,CPI_20211110.pdf,CPI_20211110.xml
12/4/2021,274.53055,1.06283,CPI_20211110.pdf,CPI_20211110.xml
12/5/2021,274.60406,1.06312,CPI_20211110.pdf,CPI_20211110.xml
12/6/2021,274.67758,1.0634,CPI_20211110.pdf,CPI_20211110.xml
12/7/2021,274.7511,1.06369,CPI_20211110.pdf,CPI_20211110.xml
12/8/2021,274.82461,1.06397,CPI_20211110.pdf,CPI_20211110.xml
12/9/2021,274.89813,1.06426,CPI_20211110.pdf,CPI_20211110.xml
12/10/2021,274.97165,1.06454,CPI_20211110.pdf,CPI_20211110.xml
12/11/2021,275.04516,1.06482,CPI_20211110.pdf,CPI_20211110.xml
12/12/2021,275.11868,1.06511,CPI_20211110.pdf,CPI_20211110.xml
12/13/2021,275.19219,1.06539,CPI_20211110.pdf,CPI_20211110.xml
12/14/2021,275.26571,1.06568,CPI_20211110.pdf,CPI_20211110.xml
12/15/2021,275.33923,1.06596,CPI_20211110.pdf,CPI_20211110.xml
12/16/2021,275.41274,1.06625,CPI_20211110.pdf,CPI_20211110.xml
12/17/2021,275.48626,1.06653,CPI_20211110.pdf,CPI_20211110.xml
12/18/2021,275.55977,1.06682,CPI_20211110.pdf,CPI_20211110.xml
12/19/2021,275.63329,1.0671,CPI_20211110.pdf,CPI_20211110.xml
12/20/2021,275.70681,1.06739,CPI_20211110.pdf,CPI_20211110.xml
12/21/2021,275.78032,1.06767,CPI_20211110.pdf,CPI_20211110.xml
12/22/2021,275.85384,1.06796,CPI_20211110.pdf,CPI_20211110.xml
12/23/2021,275.92735,1.06824,CPI_20211110.pdf,CPI_20211110.xml
12/24/2021,276.00087,1.06852,CPI_20211110.pdf,CPI_20211110.xml
12/25/2021,276.07439,1.06881,CPI_20211110.pdf,CPI_20211110.xml
12/26/2021,276.1479,1.06909,CPI_20211110.pdf,CPI_20211110.xml
12/27/2021,276.22142,1.06938,CPI_20211110.pdf,CPI_20211110.xml
12/28/2021,276.29494,1.06966,CPI_20211110.pdf,CPI_20211110.xml
12/29/2021,276.36845,1.06995,CPI_20211110.pdf,CPI_20211110.xml
12/30/2021,276.44197,1.07023,CPI_20211110.pdf,CPI_20211110.xml
12/31/2021,276.51548,1.07052,CPI_20211110.pdf,CPI_20211110.xml
1/1/2022,276.589,1.0708,CPI_20211210.pdf,CPI_20211210.xml
1/2/2022,276.63284,1.07097,CPI_20211210.pdf,CPI_20211210.xml
1/3/2022,276.67668,1.07114,CPI_20211210.pdf,CPI_20211210.xml
1/4/2022,276.72052,1.07131,CPI_20211210.pdf,CPI_20211210.xml
1/5/2022,276.76435,1.07148,CPI_20211210.pdf,CPI_20211210.xml
1/6/2022,276.80819,1.07165,CPI_20211210.pdf,CPI_20211210.xml
1/7/2022,276.85203,1.07182,CPI_20211210.pdf,CPI_20211210.xml
1/8/2022,276.89587,1.07199,CPI_20211210.pdf,CPI_20211210.xml
1/9/2022,276.93971,1.07216,CPI_20211210.pdf,CPI_20211210.xml
1/10/2022,276.98355,1.07233,CPI_20211210.pdf,CPI_20211210.xml
1/11/2022,277.02739,1.0725,CPI_20211210.pdf,CPI_20211210.xml
1/12/2022,277.07123,1.07267,CPI_20211210.pdf,CPI_20211210.xml
1/13/2022,277.11506,1.07284,CPI_20211210.pdf,CPI_20211210.xml
1/14/2022,277.1589,1.07301,CPI_20211210.pdf,CPI_20211210.xml
1/15/2022,277.20274,1.07318,CPI_20211210.pdf,CPI_20211210.xml
1/16/2022,277.24658,1.07335,CPI_20211210.pdf,CPI_20211210.xml
1/17/2022,277.29042,1.07352,CPI_20211210.pdf,CPI_20211210.xml
1/18/2022,277.33426,1.07369,CPI_20211210.pdf,CPI_20211210.xml
1/19/2022,277.3781,1.07386,CPI_20211210.pdf,CPI_20211210.xml
1/20/2022,277.42194,1.07403,CPI_20211210.pdf,CPI_20211210.xml
1/21/2022,277.46577,1.0742,CPI_20211210.pdf,CPI_20211210.xml
1/22/2022,277.50961,1.07437,CPI_20211210.pdf,CPI_20211210.xml
1/23/2022,277.55345,1.07454,CPI_20211210.pdf,CPI_20211210.xml
1/24/2022,277.59729,1.0747,CPI_20211210.pdf,CPI_20211210.xml
1/25/2022,277.64113,1.07487,CPI_20211210.pdf,CPI_20211210.xml
1/26/2022,277.68497,1.07504,CPI_20211210.pdf,CPI_20211210.xml
1/27/2022,277.72881,1.07521,CPI_20211210.pdf,CPI_20211210.xml
1/28/2022,277.77265,1.07538,CPI_20211210.pdf,CPI_20211210.xml
1/29/2022,277.81648,1.07555,CPI_20211210.pdf,CPI_20211210.xml
1/30/2022,277.86032,1.07572,CPI_20211210.pdf,CPI_20211210.xml
1/31/2022,277.90416,1.07589,CPI_20211210.pdf,CPI_20211210.xml
2/1/2022,277.948,1.07606,CPI_20220112.pdf,CPI_20220112.xml
2/2/2022,277.9785,1.07618,CPI_20220112.pdf,CPI_20220112.xml
2/3/2022,278.009,1.0763,CPI_20220112.pdf,CPI_20220112.xml
2/4/2022,278.0395,1.07642,CPI_20220112.pdf,CPI_20220112.xml
2/5/2022,278.07,1.07654,CPI_20220112.pdf,CPI_20220112.xml
2/6/2022,278.1005,1.07665,CPI_20220112.pdf,CPI_20220112.xml
2/7/2022,278.131,1.07677,CPI_20220112.pdf,CPI_20220112.xml
2/8/2022,278.1615,1.07689,CPI_20220112.pdf,CPI_20220112.xml
2/9/2022,278.192,1.07701,CPI_20220112.pdf,CPI_20220112.xml
2/10/2022,278.2225,1.07713,CPI_20220112.pdf,CPI_20220112.xml
2/11/2022,278.253,1.07724,CPI_20220112.pdf,CPI_20220112.xml
2/12/2022,278.2835,1.07736,CPI_20220112.pdf,CPI_20220112.xml
2/13/2022,278.314,1.07748,CPI_20220112.pdf,CPI_20220112.xml
2/14/2022,278.3445,1.0776,CPI_20220112.pdf,CPI_20220112.xml
2/15/2022,278.375,1.07772,CPI_20220112.pdf,CPI_20220112.xml
2/16/2022,278.4055,1.07783,CPI_20220112.pdf,CPI_20220112.xml
2/17/2022,278.436,1.07795,CPI_20220112.pdf,CPI_20220112.xml
2/18/2022,278.4665,1.07807,CPI_20220112.pdf,CPI_20220112.xml
2/19/2022,278.497,1.07819,CPI_20220112.pdf,CPI_20220112.xml
2/20/2022,278.5275,1.07831,CPI_20220112.pdf,CPI_20220112.xml
2/21/2022,278.558,1.07842,CPI_20220112.pdf,CPI_20220112.xml
2/22/2022,278.5885,1.07854,CPI_20220112.pdf,CPI_20220112.xml
2/23/2022,278.619,1.07866,CPI_20220112.pdf,CPI_20220112.xml
2/24/2022,278.6495,1.07878,CPI_20220112.pdf,CPI_20220112.xml
2/25/2022,278.68,1.0789,CPI_20220112.pdf,CPI_20220112.xml
2/26/2022,278.7105,1.07901,CPI_20220112.pdf,CPI_20220112.xml
2/27/2022,278.741,1.07913,CPI_20220112.pdf,CPI_20220112.xml
2/28/2022,278.7715,1.07925,CPI_20220112.pdf,CPI_20220112.xml
3/1/2022,278.802,1.07937,CPI_20220210.pdf,CPI_20220210.xml
3/2/2022,278.87768,1.07966,CPI_20220210.pdf,CPI_20220210.xml
3/3/2022,278.95335,1.07995,CPI_20220210.pdf,CPI_20220210.xml
3/4/2022,279.02903,1.08025,CPI_20220210.pdf,CPI_20220210.xml
3/5/2022,279.10471,1.08054,CPI_20220210.pdf,CPI_20220210.xml
3/6/2022,279.18039,1.08083,CPI_20220210.pdf,CPI_20220210.xml
3/7/2022,279.25606,1.08113,CPI_20220210.pdf,CPI_20220210.xml
3/8/2022,279.33174,1.08142,CPI_20220210.pdf,CPI_20220210.xml
3/9/2022,279.40742,1.08171,CPI_20220210.pdf,CPI_20220210.xml
3/10/2022,279.4831,1.08201,CPI_20220210.pdf,CPI_20220210.xml
3/11/2022,279.55877,1.0823,CPI_20220210.pdf,CPI_20220210.xml
3/12/2022,279.63445,1.08259,CPI_20220210.pdf,CPI_20220210.xml
3/13/2022,279.71013,1.08288,CPI_20220210.pdf,CPI_20220210.xml
3/14/2022,279.78581,1.08318,CPI_20220210.pdf,CPI_20220210.xml
3/15/2022,279.86148,1.08347,CPI_20220210.pdf,CPI_20220210.xml
3/16/2022,279.93716,1.08376,CPI_20220210.pdf,CPI_20220210.xml
3/17/2022,280.01284,1.08406,CPI_20220210.pdf,CPI_20220210.xml
3/18/2022,280.08852,1.08435,CPI_20220210.pdf,CPI_20220210.xml
3/19/2022,280.16419,1.08464,CPI_20220210.pdf,CPI_20220210.xml
3/20/2022,280.23987,1.08494,CPI_20220210.pdf,CPI_20220210.xml
3/21/2022,280.31555,1.08523,CPI_20220210.pdf,CPI_20220210.xml
3/22/2022,280.39123,1.08552,CPI_20220210.pdf,CPI_20220210.xml
3/23/2022,280.4669,1.08581,CPI_20220210.pdf,CPI_20220210.xml
3/24/2022,280.54258,1.08611,CPI_20220210.pdf,CPI_20220210.xml
3/25/2022,280.61826,1.0864,CPI_20220210.pdf,CPI_20220210.xml
3/26/2022,280.69394,1.08669,CPI_20220210.pdf,CPI_20220210.xml
3/27/2022,280.76961,1.08699,CPI_20220210.pdf,CPI_20220210.xml
3/28/2022,280.84529,1.08728,CPI_20220210.pdf,CPI_20220210.xml
3/29/2022,280.92097,1.08757,CPI_20220210.pdf,CPI_20220210.xml
3/30/2022,280.99665,1.08787,CPI_20220210.pdf,CPI_20220210.xml
3/31/2022,281.07232,1.08816,CPI_20220210.pdf,CPI_20220210.xml
4/1/2022,281.148,1.08845,CPI_20220310.pdf,CPI_20220310.xml
4/2/2022,281.2336,1.08878,CPI_20220310.pdf,CPI_20220310.xml
4/3/2022,281.3192,1.08911,CPI_20220310.pdf,CPI_20220310.xml
4/4/2022,281.4048,1.08945,CPI_20220310.pdf,CPI_20220310.xml
4/5/2022,281.4904,1.08978,CPI_20220310.pdf,CPI_20220310.xml
4/6/2022,281.576,1.09011,CPI_20220310.pdf,CPI_20220310.xml
4/7/2022,281.6616,1.09044,CPI_20220310.pdf,CPI_20220310.xml
4/8/2022,281.7472,1.09077,CPI_20220310.pdf,CPI_20220310.xml
4/9/2022,281.8328,1.0911,CPI_20220310.pdf,CPI_20220310.xml
4/10/2022,281.9184,1.09143,CPI_20220310.pdf,CPI_20220310.xml
4/11/2022,282.004,1.09177,CPI_20220310.pdf,CPI_20220310.xml
4/12/2022,282.0896,1.0921,CPI_20220310.pdf,CPI_20220310.xml
4/13/2022,282.1752,1.09243,CPI_20220310.pdf,CPI_20220310.xml
4/14/2022,282.2608,1.09276,CPI_20220310.pdf,CPI_20220310.xml
4/15/2022,282.3464,1.09309,CPI_20220310.pdf,CPI_20220310.xml
4/16/2022,282.432,1.09342,CPI_20220310.pdf,CPI_20220310.xml
4/17/2022,282.5176,1.09375,CPI_20220310.pdf,CPI_20220310.xml
4/18/2022,282.6032,1.09409,CPI_20220310.pdf,CPI_20220310.xml
4/19/2022,282.6888,1.09442,CPI_20220310.pdf,CPI_20220310.xml
4/20/2022,282.7744,1.09475,CPI_20220310.pdf,CPI_20220310.xml
4/21/2022,282.86,1.09508,CPI_20220310.pdf,CPI_20220310.xml
4/22/2022,282.9456,1.09541,CPI_20220310.pdf,CPI_20220310.xml
4/23/2022,283.0312,1.09574,CPI_20220310.pdf,CPI_20220310.xml
4/24/2022,283.1168,1.09607,CPI_20220310.pdf,CPI_20220310.xml
4/25/2022,283.2024,1.0964,CPI_20220310.pdf,CPI_20220310.xml
4/26/2022,283.288,1.09674,CPI_20220310.pdf,CPI_20220310.xml
4/27/2022,283.3736,1.09707,CPI_20220310.pdf,CPI_20220310.xml
4/28/2022,283.4592,1.0974,CPI_20220310.pdf,CPI_20220310.xml
4/29/2022,283.5448,1.09773,CPI_20220310.pdf,CPI_20220310.xml
4/30/2022,283.6304,1.09806,CPI_20220310.pdf,CPI_20220310.xml
5/1/2022,283.716,1.09839,CPI_20220412.pdf,CPI_20220412.xml
5/2/2022,283.83819,1.09887,CPI_20220412.pdf,CPI_20220412.xml
5/3/2022,283.96039,1.09934,CPI_20220412.pdf,CPI_20220412.xml
5/4/2022,284.08258,1.09981,CPI_20220412.pdf,CPI_20220412.xml
5/5/2022,284.20477,1.10029,CPI_20220412.pdf,CPI_20220412.xml
5/6/2022,284.32697,1.10076,CPI_20220412.pdf,CPI_20220412.xml
5/7/2022,284.44916,1.10123,CPI_20220412.pdf,CPI_20220412.xml
5/8/2022,284.57135,1.1017,CPI_20220412.pdf,CPI_20220412.xml
5/9/2022,284.69355,1.10218,CPI_20220412.pdf,CPI_20220412.xml
5/10/2022,284.81574,1.10265,CPI_20220412.pdf,CPI_20220412.xml
5/11/2022,284.93794,1.10312,CPI_20220412.pdf,CPI_20220412.xml
5/12/2022,285.06013,1.1036,CPI_20220412.pdf,CPI_20220412.xml
5/13/2022,285.18232,1.10407,CPI_20220412.pdf,CPI_20220412.xml
5/14/2022,285.30452,1.10454,CPI_20220412.pdf,CPI_20220412.xml
5/15/2022,285.42671,1.10502,CPI_20220412.pdf,CPI_20220412.xml
5/16/2022,285.5489,1.10549,CPI_20220412.pdf,CPI_20220412.xml
5/17/2022,285.6711,1.10596,CPI_20220412.pdf,CPI_20220412.xml
5/18/2022,285.79329,1.10644,CPI_20220412.pdf,CPI_20220412.xml
5/19/2022,285.91548,1.10691,CPI_20220412.pdf,CPI_20220412.xml
5/20/2022,286.03768,1.10738,CPI_20220412.pdf,CPI_20220412.xml
5/21/2022,286.15987,1.10785,CPI_20220412.pdf,CPI_20220412.xml
5/22/2022,286.28206,1.10833,CPI_20220412.pdf,CPI_20220412.xml
5/23/2022,286.40426,1.1088,CPI_20220412.pdf,CPI_20220412.xml
5/24/2022,286.52645,1.10927,CPI_20220412.pdf,CPI_20220412.xml
5/25/2022,286.64865,1.10975,CPI_20220412.pdf,CPI_20220412.xml
5/26/2022,286.77084,1.11022,CPI_20220412.pdf,CPI_20220412.xml
5/27/2022,286.89303,1.11069,CPI_20220412.pdf,CPI_20220412.xml
5/28/2022,287.01523,1.11117,CPI_20220412.pdf,CPI_20220412.xml
5/29/2022,287.13742,1.11164,CPI_20220412.pdf,CPI_20220412.xml
5/30/2022,287.25961,1.11211,CPI_20220412.pdf,CPI_20220412.xml
5/31/2022,287.38181,1.11259,CPI_20220412.pdf,CPI_20220412.xml
6/1/2022,287.504,1.11306,CPI_20220511.pdf,CPI_20220511.xml
6/2/2022,287.5575,1.11327,CPI_20220511.pdf,CPI_20220511.xml
6/3/2022,287.611,1.11347,CPI_20220511.pdf,CPI_20220511.xml
6/4/2022,287.6645,1.11368,CPI_20220511.pdf,CPI_20220511.xml
6/5/2022,287.718,1.11389,CPI_20220511.pdf,CPI_20220511.xml
6/6/2022,287.7715,1.11409,CPI_20220511.pdf,CPI_20220511.xml
6/7/2022,287.825,1.1143,CPI_20220511.pdf,CPI_20220511.xml
6/8/2022,287.8785,1.11451,CPI_20220511.pdf,CPI_20220511.xml
6/9/2022,287.932,1.11472,CPI_20220511.pdf,CPI_20220511.xml
6/10/2022,287.9855,1.11492,CPI_20220511.pdf,CPI_20220511.xml
6/11/2022,288.039,1.11513,CPI_20220511.pdf,CPI_20220511.xml
6/12/2022,288.0925,1.11534,CPI_20220511.pdf,CPI_20220511.xml
6/13/2022,288.146,1.11554,CPI_20220511.pdf,CPI_20220511.xml
6/14/2022,288.1995,1.11575,CPI_20220511.pdf,CPI_20220511.xml
6/15/2022,288.253,1.11596,CPI_20220511.pdf,CPI_20220511.xml
6/16/2022,288.3065,1.11617,CPI_20220511.pdf,CPI_20220511.xml
6/17/2022,288.36,1.11637,CPI_20220511.pdf,CPI_20220511.xml
6/18/2022,288.4135,1.11658,CPI_20220511.pdf,CPI_20220511.xml
6/19/2022,288.467,1.11679,CPI_20220511.pdf,CPI_20220511.xml
6/20/2022,288.5205,1.11699,CPI_20220511.pdf,CPI_20220511.xml
6/21/2022,288.574,1.1172,CPI_20220511.pdf,CPI_20220511.xml
6/22/2022,288.6275,1.11741,CPI_20220511.pdf,CPI_20220511.xml
6/23/2022,288.681,1.11762,CPI_20220511.pdf,CPI_20220511.xml
6/24/2022,288.7345,1.11782,CPI_20220511.pdf,CPI_20220511.xml
6/25/2022,288.788,1.11803,CPI_20220511.pdf,CPI_20220511.xml
6/26/2022,288.8415,1.11824,CPI_20220511.pdf,CPI_20220511.xml
6/27/2022,288.895,1.11844,CPI_20220511.pdf,CPI_20220511.xml
6/28/2022,288.9485,1.11865,CPI_20220511.pdf,CPI_20220511.xml
6/29/2022,289.002,1.11886,CPI_20220511.pdf,CPI_20220511.xml
6/30/2022,289.0555,1.11906,CPI_20220511.pdf,CPI_20220511.xml
7/1/2022,289.109,1.11927,CPI_20220610.pdf,CPI_20220610.xml
7/2/2022,289.21181,1.11967,CPI_20220610.pdf,CPI_20220610.xml
7/3/2022,289.31461,1.12007,CPI_20220610.pdf,CPI_20220610.xml
7/4/2022,289.41742,1.12047,CPI_20220610.pdf,CPI_20220610.xml
7/5/2022,289.52023,1.12086,CPI_20220610.pdf,CPI_20220610.xml
7/6/2022,289.62303,1.12126,CPI_20220610.pdf,CPI_20220610.xml
7/7/2022,289.72584,1.12166,CPI_20220610.pdf,CPI_20220610.xml
7/8/2022,289.82865,1.12206,CPI_20220610.pdf,CPI_20220610.xml
7/9/2022,289.93145,1.12246,CPI_20220610.pdf,CPI_20220610.xml
7/10/2022,290.03426,1.12285,CPI_20220610.pdf,CPI_20220610.xml
7/11/2022,290.13706,1.12325,CPI_20220610.pdf,CPI_20220610.xml
7/12/2022,290.23987,1.12365,CPI_20220610.pdf,CPI_20220610.xml
7/13/2022,290.34268,1.12405,CPI_20220610.pdf,CPI_20220610.xml
7/14/2022,290.44548,1.12445,CPI_20220610.pdf,CPI_20220610.xml
7/15/2022,290.54829,1.12484,CPI_20220610.pdf,CPI_20220610.xml
7/16/2022,290.6511,1.12524,CPI_20220610.pdf,CPI_20220610.xml
7/17/2022,290.7539,1.12564,CPI_20220610.pdf,CPI_20220610.xml
7/18/2022,290.85671,1.12604,CPI_20220610.pdf,CPI_20220610.xml
7/19/2022,290.95952,1.12644,CPI_20220610.pdf,CPI_20220610.xml
7/20/2022,291.06232,1.12683,CPI_20220610.pdf,CPI_20220610.xml
7/21/2022,291.16513,1.12723,CPI_20220610.pdf,CPI_20220610.xml
7/22/2022,291.26794,1.12763,CPI_20220610.pdf,CPI_20220610.xml
7/23/2022,291.37074,1.12803,CPI_20220610.pdf,CPI_20220610.xml
7/24/2022,291.47355,1.12843,CPI_20220610.pdf,CPI_20220610.xml
7/25/2022,291.57635,1.12882,CPI_20220610.pdf,CPI_20220610.xml
7/26/2022,291.67916,1.12922,CPI_20220610.pdf,CPI_20220610.xml
7/27/2022,291.78197,1.12962,CPI_20220610.pdf,CPI_20220610.xml
7/28/2022,291.88477,1.13002,CPI_20220610.pdf,CPI_20220610.xml
7/29/2022,291.98758,1.13042,CPI_20220610.pdf,CPI_20220610.xml
7/30/2022,292.09039,1.13081,CPI_20220610.pdf,CPI_20220610.xml
7/31/2022,292.19319,1.13121,CPI_20220610.pdf,CPI_20220610.xml
8/1/2022,292.296,1.13161,CPI_20220713.pdf,CPI_20220713.xml
8/2/2022,292.42552,1.13211,CPI_20220713.pdf,CPI_20220713.xml
8/3/2022,292.55503,1.13261,CPI_20220713.pdf,CPI_20220713.xml
8/4/2022,292.68455,1.13311,CPI_20220713.pdf,CPI_20220713.xml
8/5/2022,292.81406,1.13362,CPI_20220713.pdf,CPI_20220713.xml
8/6/2022,292.94358,1.13412,CPI_20220713.pdf,CPI_20220713.xml
8/7/2022,293.0731,1.13462,CPI_20220713.pdf,CPI_20220713.xml
8/8/2022,293.20261,1.13512,CPI_20220713.pdf,CPI_20220713.xml
8/9/2022,293.33213,1.13562,CPI_20220713.pdf,CPI_20220713.xml
8/10/2022,293.46165,1.13612,CPI_20220713.pdf,CPI_20220713.xml
8/11/2022,293.59116,1.13662,CPI_20220713.pdf,CPI_20220713.xml
8/12/2022,293.72068,1.13713,CPI_20220713.pdf,CPI_20220713.xml
8/13/2022,293.85019,1.13763,CPI_20220713.pdf,CPI_20220713.xml
8/14/2022,293.97971,1.13813,CPI_20220713.pdf,CPI_20220713.xml
8/15/2022,294.10923,1.13863,CPI_20220713.pdf,CPI_20220713.xml
8/16/2022,294.23874,1.13913,CPI_20220713.pdf,CPI_20220713.xml
8/17/2022,294.36826,1.13963,CPI_20220713.pdf,CPI_20220713.xml
8/18/2022,294.49777,1.14013,CPI_20220713.pdf,CPI_20220713.xml
8/19/2022,294.62729,1.14064,CPI_20220713.pdf,CPI_20220713.xml
8/20/2022,294.75681,1.14114,CPI_20220713.pdf,CPI_20220713.xml
8/21/2022,294.88632,1.14164,CPI_20220713.pdf,CPI_20220713.xml
8/22/2022,295.01584,1.14214,CPI_20220713.pdf,CPI_20220713.xml
8/23/2022,295.14535,1.14264,CPI_20220713.pdf,CPI_20220713.xml
8/24/2022,295.27487,1.14314,CPI_20220713.pdf,CPI_20220713.xml
8/25/2022,295.40439,1.14364,CPI_20220713.pdf,CPI_20220713.xml
8/26/2022,295.5339,1.14415,CPI_20220713.pdf,CPI_20220713.xml
8/27/2022,295.66342,1.14465,CPI_20220713.pdf,CPI_20220713.xml
8/28/2022,295.79294,1.14515,CPI_20220713.pdf,CPI_20220713.xml
8/29/2022,295.92245,1.14565,CPI_20220713.pdf,CPI_20220713.xml
8/30/2022,296.05197,1.14615,CPI_20220713.pdf,CPI_20220713.xml
8/31/2022,296.18148,1.14665,CPI_20220713.pdf,CPI_20220713.xml
9/1/2022,296.311,1.14715,CPI_20220810.pdf,CPI_20220810.xml
9/2/2022,296.30983,1.14715,CPI_20220810.pdf,CPI_20220810.xml
9/3/2022,296.30867,1.14715,CPI_20220810.pdf,CPI_20220810.xml
9/4/2022,296.3075,1.14714,CPI_20220810.pdf,CPI_20220810.xml
9/5/2022,296.30633,1.14714,CPI_20220810.pdf,CPI_20220810.xml
9/6/2022,296.30517,1.14713,CPI_20220810.pdf,CPI_20220810.xml
9/7/2022,296.304,1.14713,CPI_20220810.pdf,CPI_20220810.xml
9/8/2022,296.30283,1.14712,CPI_20220810.pdf,CPI_20220810.xml
9/9/2022,296.30167,1.14712,CPI_20220810.pdf,CPI_20220810.xml
9/10/2022,296.3005,1.14711,CPI_20220810.pdf,CPI_20220810.xml
9/11/2022,296.29933,1.14711,CPI_20220810.pdf,CPI_20220810.xml
9/12/2022,296.29817,1.1471,CPI_20220810.pdf,CPI_20220810.xml
9/13/2022,296.297,1.1471,CPI_20220810.pdf,CPI_20220810.xml
9/14/2022,296.29583,1.1471,CPI_20220810.pdf,CPI_20220810.xml
9/15/2022,296.29467,1.14709,CPI_20220810.pdf,CPI_20220810.xml
9/16/2022,296.2935,1.14709,CPI_20220810.pdf,CPI_20220810.xml
9/17/2022,296.29233,1.14708,CPI_20220810.pdf,CPI_20220810.xml
9/18/2022,296.29117,1.14708,CPI_20220810.pdf,CPI_20220810.xml
9/19/2022,296.29,1.14707,CPI_20220810.pdf,CPI_20220810.xml
9/20/2022,296.28883,1.14707,CPI_20220810.pdf,CPI_20220810.xml
9/21/2022,296.28767,1.14706,CPI_20220810.pdf,CPI_20220810.xml
9/22/2022,296.2865,1.14706,CPI_20220810.pdf,CPI_20220810.xml
9/23/2022,296.28533,1.14705,CPI_20220810.pdf,CPI_20220810.xml
9/24/2022,296.28417,1.14705,CPI_20220810.pdf,CPI_20220810.xml
9/25/2022,296.283,1.14705,CPI_20220810.pdf,CPI_20220810.xml
9/26/2022,296.28183,1.14704,CPI_20220810.pdf,CPI_20220810.xml
9/27/2022,296.28067,1.14704,CPI_20220810.pdf,CPI_20220810.xml
9/28/2022,296.2795,1.14703,CPI_20220810.pdf,CPI_20220810.xml
9/29/2022,296.27833,1.14703,CPI_20220810.pdf,CPI_20220810.xml
9/30/2022,296.27717,1.14702,CPI_20220810.pdf,CPI_20220810.xml
10/1/2022,296.276,1.14702,CPI_20220913.pdf,CPI_20220913.xml
10/2/2022,296.27261,1.14701,CPI_20220913.pdf,CPI_20220913.xml
10/3/2022,296.26923,1.14699,CPI_20220913.pdf,CPI_20220913.xml
10/4/2022,296.26584,1.14698,CPI_20220913.pdf,CPI_20220913.xml
10/5/2022,296.26245,1.14697,CPI_20220913.pdf,CPI_20220913.xml
10/6/2022,296.25906,1.14695,CPI_20220913.pdf,CPI_20220913.xml
10/7/2022,296.25568,1.14694,CPI_20220913.pdf,CPI_20220913.xml
10/8/2022,296.25229,1.14693,CPI_20220913.pdf,CPI_20220913.xml
10/9/2022,296.2489,1.14691,CPI_20220913.pdf,CPI_20220913.xml
10/10/2022,296.24552,1.1469,CPI_20220913.pdf,CPI_20220913.xml
10/11/2022,296.24213,1.14689,CPI_20220913.pdf,CPI_20220913.xml
10/12/2022,296.23874,1.14687,CPI_20220913.pdf,CPI_20220913.xml
10/13/2022,296.23535,1.14686,CPI_20220913.pdf,CPI_20220913.xml
10/14/2022,296.23197,1.14685,CPI_20220913.pdf,CPI_20220913.xml
10/15/2022,296.22858,1.14684,CPI_20220913.pdf,CPI_20220913.xml
10/16/2022,296.22519,1.14682,CPI_20220913.pdf,CPI_20220913.xml
10/17/2022,296.22181,1.14681,CPI_20220913.pdf,CPI_20220913.xml
10/18/2022,296.21842,1.1468,CPI_20220913.pdf,CPI_20220913.xml
10/19/2022,296.21503,1.14678,CPI_20220913.pdf,CPI_20220913.xml
10/20/2022,296.21165,1.14677,CPI_20220913.pdf,CPI_20220913.xml
10/21/2022,296.20826,1.14676,CPI_20220913.pdf,CPI_20220913.xml
10/22/2022,296.20487,1.14674,CPI_20220913.pdf,CPI_20220913.xml
10/23/2022,296.20148,1.14673,CPI_20220913.pdf,CPI_20220913.xml
10/24/2022,296.1981,1.14672,CPI_20220913.pdf,CPI_20220913.xml
10/25/2022,296.19471,1.1467,CPI_20220913.pdf,CPI_20220913.xml
10/26/2022,296.19132,1.14669,CPI_20220913.pdf,CPI_20220913.xml
10/27/2022,296.18794,1.14668,CPI_20220913.pdf,CPI_20220913.xml
10/28/2022,296.18455,1.14666,CPI_20220913.pdf,CPI_20220913.xml
10/29/2022,296.18116,1.14665,CPI_20220913.pdf,CPI_20220913.xml
10/30/2022,296.17777,1.14664,CPI_20220913.pdf,CPI_20220913.xml
10/31/2022,296.17439,1.14663,CPI_20220913.pdf,CPI_20220913.xml
11/1/2022,296.171,1.14661,CPI_20221013.pdf,CPI_20221013.xml
11/2/2022,296.19223,1.14669,CPI_20221013.pdf,CPI_20221013.xml
11/3/2022,296.21347,1.14678,CPI_20221013.pdf,CPI_20221013.xml
11/4/2022,296.2347,1.14686,CPI_20221013.pdf,CPI_20221013.xml
11/5/2022,296.25593,1.14694,CPI_20221013.pdf,CPI_20221013.xml
11/6/2022,296.27717,1.14702,CPI_20221013.pdf,CPI_20221013.xml
11/7/2022,296.2984,1.14711,CPI_20221013.pdf,CPI_20221013.xml
11/8/2022,296.31963,1.14719,CPI_20221013.pdf,CPI_20221013.xml
11/9/2022,296.34087,1.14727,CPI_20221013.pdf,CPI_20221013.xml
11/10/2022,296.3621,1.14735,CPI_20221013.pdf,CPI_20221013.xml
11/11/2022,296.38333,1.14743,CPI_20221013.pdf,CPI_20221013.xml
11/12/2022,296.40457,1.14752,CPI_20221013.pdf,CPI_20221013.xml
11/13/2022,296.4258,1.1476,CPI_20221013.pdf,CPI_20221013.xml
11/14/2022,296.44703,1.14768,CPI_20221013.pdf,CPI_20221013.xml
11/15/2022,296.46827,1.14776,CPI_20221013.pdf,CPI_20221013.xml
11/16/2022,296.4895,1.14785,CPI_20221013.pdf,CPI_20221013.xml
11/17/2022,296.51073,1.14793,CPI_20221013.pdf,CPI_20221013.xml
11/18/2022,296.53197,1.14801,CPI_20221013.pdf,CPI_20221013.xml
11/19/2022,296.5532,1.14809,CPI_20221013.pdf,CPI_20221013.xml
11/20/2022,296.57443,1.14817,CPI_20221013.pdf,CPI_20221013.xml
11/21/2022,296.59567,1.14826,CPI_20221013.pdf,CPI_20221013.xml
11/22/2022,296.6169,1.14834,CPI_20221013.pdf,CPI_20221013.xml
11/23/2022,296.63813,1.14842,CPI_20221013.pdf,CPI_20221013.xml
11/24/2022,296.65937,1.1485,CPI_20221013.pdf,CPI_20221013.xml
11/25/2022,296.6806,1.14859,CPI_20221013.pdf,CPI_20221013.xml
11/26/2022,296.70183,1.14867,CPI_20221013.pdf,CPI_20221013.xml
11/27/2022,296.72307,1.14875,CPI_20221013.pdf,CPI_20221013.xml
11/28/2022,296.7443,1.14883,CPI_20221013.pdf,CPI_20221013.xml
11/29/2022,296.76553,1.14891,CPI_20221013.pdf,CPI_20221013.xml
11/30/2022,296.78677,1.149,CPI_20221013.pdf,CPI_20221013.xml
12/1/2022,296.808,1.14908,CPI_20221110.pdf,CPI_20221110.xml
12/2/2022,296.84684,1.14923,CPI_20221110.pdf,CPI_20221110.xml
12/3/2022,296.88568,1.14938,CPI_20221110.pdf,CPI_20221110.xml
12/4/2022,296.92452,1.14953,CPI_20221110.pdf,CPI_20221110.xml
12/5/2022,296.96335,1.14968,CPI_20221110.pdf,CPI_20221110.xml
12/6/2022,297.00219,1.14983,CPI_20221110.pdf,CPI_20221110.xml
12/7/2022,297.04103,1.14998,CPI_20221110.pdf,CPI_20221110.xml
12/8/2022,297.07987,1.15013,CPI_20221110.pdf,CPI_20221110.xml
12/9/2022,297.11871,1.15028,CPI_20221110.pdf,CPI_20221110.xml
12/10/2022,297.15755,1.15043,CPI_20221110.pdf,CPI_20221110.xml
12/11/2022,297.19639,1.15058,CPI_20221110.pdf,CPI_20221110.xml
12/12/2022,297.23523,1.15073,CPI_20221110.pdf,CPI_20221110.xml
12/13/2022,297.27406,1.15088,CPI_20221110.pdf,CPI_20221110.xml
12/14/2022,297.3129,1.15103,CPI_20221110.pdf,CPI_20221110.xml
12/15/2022,297.35174,1.15118,CPI_20221110.pdf,CPI_20221110.xml
12/16/2022,297.39058,1.15133,CPI_20221110.pdf,CPI_20221110.xml
12/17/2022,297.42942,1.15148,CPI_20221110.pdf,CPI_20221110.xml
12/18/2022,297.46826,1.15163,CPI_20221110.pdf,CPI_20221110.xml
12/19/2022,297.5071,1.15178,CPI_20221110.pdf,CPI_20221110.xml
12/20/2022,297.54594,1.15194,CPI_20221110.pdf,CPI_20221110.xml
12/21/2022,297.58477,1.15209,CPI_20221110.pdf,CPI_20221110.xml
12/22/2022,297.62361,1.15224,CPI_20221110.pdf,CPI_20221110.xml
12/23/2022,297.66245,1.15239,CPI_20221110.pdf,CPI_20221110.xml
12/24/2022,297.70129,1.15254,CPI_20221110.pdf,CPI_20221110.xml
12/25/2022,297.74013,1.15269,CPI_20221110.pdf,CPI_20221110.xml
12/26/2022,297.77897,1.15284,CPI_20221110.pdf,CPI_20221110.xml
12/27/2022,297.81781,1.15299,CPI_20221110.pdf,CPI_20221110.xml
12/28/2022,297.85665,1.15314,CPI_20221110.pdf,CPI_20221110.xml
12/29/2022,297.89548,1.15329,CPI_20221110.pdf,CPI_20221110.xml
12/30/2022,297.93432,1.15344,CPI_20221110.pdf,CPI_20221110.xml
12/31/2022,297.97316,1.15359,CPI_20221110.pdf,CPI_20221110.xml
1/1/2023,298.012,1.15374,CPI_20221213.pdf,CPI_20221213.xml
1/2/2023,298.00229,1.1537,CPI_20221213.pdf,CPI_20221213.xml
1/3/2023,297.99258,1.15366,CPI_20221213.pdf,CPI_20221213.xml
1/4/2023,297.98287,1.15363,CPI_20221213.pdf,CPI_20221213.xml
1/5/2023,297.97316,1.15359,CPI_20221213.pdf,CPI_20221213.xml
1/6/2023,297.96345,1.15355,CPI_20221213.pdf,CPI_20221213.xml
1/7/2023,297.95374,1.15351,CPI_20221213.pdf,CPI_20221213.xml
1/8/2023,297.94403,1.15348,CPI_20221213.pdf,CPI_20221213.xml
1/9/2023,297.93432,1.15344,CPI_20221213.pdf,CPI_20221213.xml
1/10/2023,297.92461,1.1534,CPI_20221213.pdf,CPI_20221213.xml
1/11/2023,297.9149,1.15336,CPI_20221213.pdf,CPI_20221213.xml
1/12/2023,297.90519,1.15333,CPI_20221213.pdf,CPI_20221213.xml
1/13/2023,297.89548,1.15329,CPI_20221213.pdf,CPI_20221213.xml
1/14/2023,297.88577,1.15325,CPI_20221213.pdf,CPI_20221213.xml
1/15/2023,297.87606,1.15321,CPI_20221213.pdf,CPI_20221213.xml
1/16/2023,297.86635,1.15318,CPI_20221213.pdf,CPI_20221213.xml
1/17/2023,297.85665,1.15314,CPI_20221213.pdf,CPI_20221213.xml
1/18/2023,297.84694,1.1531,CPI_20221213.pdf,CPI_20221213.xml
1/19/2023,297.83723,1.15306,CPI_20221213.pdf,CPI_20221213.xml
1/20/2023,297.82752,1.15303,CPI_20221213.pdf,CPI_20221213.xml
1/21/2023,297.81781,1.15299,CPI_20221213.pdf,CPI_20221213.xml
1/22/2023,297.8081,1.15295,CPI_20221213.pdf,CPI_20221213.xml
1/23/2023,297.79839,1.15291,CPI_20221213.pdf,CPI_20221213.xml
1/24/2023,297.78868,1.15287,CPI_20221213.pdf,CPI_20221213.xml
1/25/2023,297.77897,1.15284,CPI_20221213.pdf,CPI_20221213.xml
1/26/2023,297.76926,1.1528,CPI_20221213.pdf,CPI_20221213.xml
1/27/2023,297.75955,1.15276,CPI_20221213.pdf,CPI_20221213.xml
1/28/2023,297.74984,1.15272,CPI_20221213.pdf,CPI_20221213.xml
1/29/2023,297.74013,1.15269,CPI_20221213.pdf,CPI_20221213.xml
1/30/2023,297.73042,1.15265,CPI_20221213.pdf,CPI_20221213.xml
1/31/2023,297.72071,1.15261,CPI_20221213.pdf,CPI_20221213.xml
2/1/2023,297.711,1.15257,CPI_20230112.pdf,CPI_20230112.xml
2/2/2023,297.67836,1.15245,CPI_20230112.pdf,CPI_20230112.xml
2/3/2023,297.64571,1.15232,CPI_20230112.pdf,CPI_20230112.xml
2/4/2023,297.61307,1.1522,CPI_20230112.pdf,CPI_20230112.xml
2/5/2023,297.58043,1.15207,CPI_20230112.pdf,CPI_20230112.xml
2/6/2023,297.54779,1.15194,CPI_20230112.pdf,CPI_20230112.xml
2/7/2023,297.51514,1.15182,CPI_20230112.pdf,CPI_20230112.xml
2/8/2023,297.4825,1.15169,CPI_20230112.pdf,CPI_20230112.xml
2/9/2023,297.44986,1.15156,CPI_20230112.pdf,CPI_20230112.xml
2/10/2023,297.41721,1.15144,CPI_20230112.pdf,CPI_20230112.xml
2/11/2023,297.38457,1.15131,CPI_20230112.pdf,CPI_20230112.xml
2/12/2023,297.35193,1.15118,CPI_20230112.pdf,CPI_20230112.xml
2/13/2023,297.31929,1.15106,CPI_20230112.pdf,CPI_20230112.xml
2/14/2023,297.28664,1.15093,CPI_20230112.pdf,CPI_20230112.xml
2/15/2023,297.254,1.1508,CPI_20230112.pdf,CPI_20230112.xml
2/16/2023,297.22136,1.15068,CPI_20230112.pdf,CPI_20230112.xml
2/17/2023,297.18871,1.15055,CPI_20230112.pdf,CPI_20230112.xml
2/18/2023,297.15607,1.15043,CPI_20230112.pdf,CPI_20230112.xml
2/19/2023,297.12343,1.1503,CPI_20230112.pdf,CPI_20230112.xml
2/20/2023,297.09079,1.15017,CPI_20230112.pdf,CPI_20230112.xml
2/21/2023,297.05814,1.15005,CPI_20230112.pdf,CPI_20230112.xml
2/22/2023,297.0255,1.14992,CPI_20230112.pdf,CPI_20230112.xml
2/23/2023,296.99286,1.14979,CPI_20230112.pdf,CPI_20230112.xml
2/24/2023,296.96021,1.14967,CPI_20230112.pdf,CPI_20230112.xml
2/25/2023,296.92757,1.14954,CPI_20230112.pdf,CPI_20230112.xml
2/26/2023,296.89493,1.14941,CPI_20230112.pdf,CPI_20230112.xml
2/27/2023,296.86229,1.14929,CPI_20230112.pdf,CPI_20230112.xml
2/28/2023,296.82964,1.14916,CPI_20230112.pdf,CPI_20230112.xml
3/1/2023,296.797,1.14904,CPI_20230214.pdf,CPI_20230214.xml
3/2/2023,296.87355,1.14933,CPI_20230214.pdf,CPI_20230214.xml
3/3/2023,296.9501,1.14963,CPI_20230214.pdf,CPI_20230214.xml
3/4/2023,297.02665,1.14992,CPI_20230214.pdf,CPI_20230214.xml
3/5/2023,297.10319,1.15022,CPI_20230214.pdf,CPI_20230214.xml
3/6/2023,297.17974,1.15052,CPI_20230214.pdf,CPI_20230214.xml
3/7/2023,297.25629,1.15081,CPI_20230214.pdf,CPI_20230214.xml
3/8/2023,297.33284,1.15111,CPI_20230214.pdf,CPI_20230214.xml
3/9/2023,297.40939,1.15141,CPI_20230214.pdf,CPI_20230214.xml
3/10/2023,297.48594,1.1517,CPI_20230214.pdf,CPI_20230214.xml
3/11/2023,297.56248,1.152,CPI_20230214.pdf,CPI_20230214.xml
3/12/2023,297.63903,1.1523,CPI_20230214.pdf,CPI_20230214.xml
3/13/2023,297.71558,1.15259,CPI_20230214.pdf,CPI_20230214.xml
3/14/2023,297.79213,1.15289,CPI_20230214.pdf,CPI_20230214.xml
3/15/2023,297.86868,1.15318,CPI_20230214.pdf,CPI_20230214.xml
3/16/2023,297.94523,1.15348,CPI_20230214.pdf,CPI_20230214.xml
3/17/2023,298.02177,1.15378,CPI_20230214.pdf,CPI_20230214.xml
3/18/2023,298.09832,1.15407,CPI_20230214.pdf,CPI_20230214.xml
3/19/2023,298.17487,1.15437,CPI_20230214.pdf,CPI_20230214.xml
3/20/2023,298.25142,1.15467,CPI_20230214.pdf,CPI_20230214.xml
3/21/2023,298.32797,1.15496,CPI_20230214.pdf,CPI_20230214.xml
3/22/2023,298.40452,1.15526,CPI_20230214.pdf,CPI_20230214.xml
3/23/2023,298.48106,1.15556,CPI_20230214.pdf,CPI_20230214.xml
3/24/2023,298.55761,1.15585,CPI_20230214.pdf,CPI_20230214.xml
3/25/2023,298.63416,1.15615,CPI_20230214.pdf,CPI_20230214.xml
3/26/2023,298.71071,1.15644,CPI_20230214.pdf,CPI_20230214.xml
3/27/2023,298.78726,1.15674,CPI_20230214.pdf,CPI_20230214.xml
3/28/2023,298.86381,1.15704,CPI_20230214.pdf,CPI_20230214.xml
3/29/2023,298.94035,1.15733,CPI_20230214.pdf,CPI_20230214.xml
3/30/2023,299.0169,1.15763,CPI_20230214.pdf,CPI_20230214.xml
3/31/2023,299.09345,1.15793,CPI_20230214.pdf,CPI_20230214.xml
4/1/2023,299.17,1.15822,CPI_20230314.pdf,CPI_20230314.xml
4/2/2023,299.22567,1.15844,CPI_20230314.pdf,CPI_20230314.xml
4/3/2023,299.28133,1.15865,CPI_20230314.pdf,CPI_20230314.xml
4/4/2023,299.337,1.15887,CPI_20230314.pdf,CPI_20230314.xml
4/5/2023,299.39267,1.15908,CPI_20230314.pdf,CPI_20230314.xml
4/6/2023,299.44833,1.1593,CPI_20230314.pdf,CPI_20230314.xml
4/7/2023,299.504,1.15952,CPI_20230314.pdf,CPI_20230314.xml
4/8/2023,299.55967,1.15973,CPI_20230314.pdf,CPI_20230314.xml
4/9/2023,299.61533,1.15995,CPI_20230314.pdf,CPI_20230314.xml
4/10/2023,299.671,1.16016,CPI_20230314.pdf,CPI_20230314.xml
4/11/2023,299.72667,1.16038,CPI_20230314.pdf,CPI_20230314.xml
4/12/2023,299.78233,1.16059,CPI_20230314.pdf,CPI_20230314.xml
4/13/2023,299.838,1.16081,CPI_20230314.pdf,CPI_20230314.xml
4/14/2023,299.89367,1.16102,CPI_20230314.pdf,CPI_20230314.xml
4/15/2023,299.94933,1.16124,CPI_20230314.pdf,CPI_20230314.xml
4/16/2023,300.005,1.16146,CPI_20230314.pdf,CPI_20230314.xml
4/17/2023,300.06067,1.16167,CPI_20230314.pdf,CPI_20230314.xml
4/18/2023,300.11633,1.16189,CPI_20230314.pdf,CPI_20230314.xml
4/19/2023,300.172,1.1621,CPI_20230314.pdf,CPI_20230314.xml
4/20/2023,300.22767,1.16232,CPI_20230314.pdf,CPI_20230314.xml
4/21/2023,300.28333,1.16253,CPI_20230314.pdf,CPI_20230314.xml
4/22/2023,300.339,1.16275,CPI_20230314.pdf,CPI_20230314.xml
4/23/2023,300.39467,1.16296,CPI_20230314.pdf,CPI_20230314.xml
4/24/2023,300.45033,1.16318,CPI_20230314.pdf,CPI_20230314.xml
4/25/2023,300.506,1.16339,CPI_20230314.pdf,CPI_20230314.xml
4/26/2023,300.56167,1.16361,CPI_20230314.pdf,CPI_20230314.xml
4/27/2023,300.61733,1.16383,CPI_20230314.pdf,CPI_20230314.xml
4/28/2023,300.673,1.16404,CPI_20230314.pdf,CPI_20230314.xml
4/29/2023,300.72867,1.16426,CPI_20230314.pdf,CPI_20230314.xml
4/30/2023,300.78433,1.16447,CPI_20230314.pdf,CPI_20230314.xml
5/1/2023,300.84,1.16469,CPI_20230412.pdf,CPI_20230412.xml
5/2/2023,300.87213,1.16481,CPI_20230412.pdf,CPI_20230412.xml
5/3/2023,300.90426,1.16494,CPI_20230412.pdf,CPI_20230412.xml
5/4/2023,300.93639,1.16506,CPI_20230412.pdf,CPI_20230412.xml
5/5/2023,300.96852,1.16519,CPI_20230412.pdf,CPI_20230412.xml
5/6/2023,301.00065,1.16531,CPI_20230412.pdf,CPI_20230412.xml
5/7/2023,301.03277,1.16543,CPI_20230412.pdf,CPI_20230412.xml
5/8/2023,301.0649,1.16556,CPI_20230412.pdf,CPI_20230412.xml
5/9/2023,301.09703,1.16568,CPI_20230412.pdf,CPI_20230412.xml
5/10/2023,301.12916,1.16581,CPI_20230412.pdf,CPI_20230412.xml
5/11/2023,301.16129,1.16593,CPI_20230412.pdf,CPI_20230412.xml
5/12/2023,301.19342,1.16606,CPI_20230412.pdf,CPI_20230412.xml
5/13/2023,301.22555,1.16618,CPI_20230412.pdf,CPI_20230412.xml
5/14/2023,301.25768,1.16631,CPI_20230412.pdf,CPI_20230412.xml
5/15/2023,301.28981,1.16643,CPI_20230412.pdf,CPI_20230412.xml
5/16/2023,301.32194,1.16655,CPI_20230412.pdf,CPI_20230412.xml
5/17/2023,301.35406,1.16668,CPI_20230412.pdf,CPI_20230412.xml
5/18/2023,301.38619,1.1668,CPI_20230412.pdf,CPI_20230412.xml
5/19/2023,301.41832,1.16693,CPI_20230412.pdf,CPI_20230412.xml
5/20/2023,301.45045,1.16705,CPI_20230412.pdf,CPI_20230412.xml
5/21/2023,301.48258,1.16718,CPI_20230412.pdf,CPI_20230412.xml
5/22/2023,301.51471,1.1673,CPI_20230412.pdf,CPI_20230412.xml
5/23/2023,301.54684,1.16742,CPI_20230412.pdf,CPI_20230412.xml
5/24/2023,301.57897,1.16755,CPI_20230412.pdf,CPI_20230412.xml
5/25/2023,301.6111,1.16767,CPI_20230412.pdf,CPI_20230412.xml
5/26/2023,301.64323,1.1678,CPI_20230412.pdf,CPI_20230412.xml
5/27/2023,301.67535,1.16792,CPI_20230412.pdf,CPI_20230412.xml
5/28/2023,301.70748,1.16805,CPI_20230412.pdf,CPI_20230412.xml
5/29/2023,301.73961,1.16817,CPI_20230412.pdf,CPI_20230412.xml
5/30/2023,301.77174,1.1683,CPI_20230412.pdf,CPI_20230412.xml
5/31/2023,301.80387,1.16842,CPI_20230412.pdf,CPI_20230412.xml
6/1/2023,301.836,1.16854,CPI_20230510.pdf,CPI_20230510.xml
6/2/2023,301.8869,1.16874,CPI_20230510.pdf,CPI_20230510.xml
6/3/2023,301.9378,1.16894,CPI_20230510.pdf,CPI_20230510.xml
6/4/2023,301.9887,1.16914,CPI_20230510.pdf,CPI_20230510.xml
6/5/2023,302.0396,1.16933,CPI_20230510.pdf,CPI_20230510.xml
6/6/2023,302.0905,1.16953,CPI_20230510.pdf,CPI_20230510.xml
6/7/2023,302.1414,1.16973,CPI_20230510.pdf,CPI_20230510.xml
6/8/2023,302.1923,1.16992,CPI_20230510.pdf,CPI_20230510.xml
6/9/2023,302.2432,1.17012,CPI_20230510.pdf,CPI_20230510.xml
6/10/2023,302.2941,1.17032,CPI_20230510.pdf,CPI_20230510.xml
6/11/2023,302.345,1.17051,CPI_20230510.pdf,CPI_20230510.xml
6/12/2023,302.3959,1.17071,CPI_20230510.pdf,CPI_20230510.xml
6/13/2023,302.4468,1.17091,CPI_20230510.pdf,CPI_20230510.xml
6/14/2023,302.4977,1.17111,CPI_20230510.pdf,CPI_20230510.xml
6/15/2023,302.5486,1.1713,CPI_20230510.pdf,CPI_20230510.xml
6/16/2023,302.5995,1.1715,CPI_20230510.pdf,CPI_20230510.xml
6/17/2023,302.6504,1.1717,CPI_20230510.pdf,CPI_20230510.xml
6/18/2023,302.7013,1.17189,CPI_20230510.pdf,CPI_20230510.xml
6/19/2023,302.7522,1.17209,CPI_20230510.pdf,CPI_20230510.xml
6/20/2023,302.8031,1.17229,CPI_20230510.pdf,CPI_20230510.xml
6/21/2023,302.854,1.17249,CPI_20230510.pdf,CPI_20230510.xml
6/22/2023,302.9049,1.17268,CPI_20230510.pdf,CPI_20230510.xml
6/23/2023,302.9558,1.17288,CPI_20230510.pdf,CPI_20230510.xml
6/24/2023,303.0067,1.17308,CPI_20230510.pdf,CPI_20230510.xml
6/25/2023,303.0576,1.17327,CPI_20230510.pdf,CPI_20230510.xml
6/26/2023,303.1085,1.17347,CPI_20230510.pdf,CPI_20230510.xml
6/27/2023,303.1594,1.17367,CPI_20230510.pdf,CPI_20230510.xml
6/28/2023,303.2103,1.17386,CPI_20230510.pdf,CPI_20230510.xml
6/29/2023,303.2612,1.17406,CPI_20230510.pdf,CPI_20230510.xml
6/30/2023,303.3121,1.17426,CPI_20230510.pdf,CPI_20230510.xml
7/1/2023,303.363,1.17446,CPI_20230613.pdf,CPI_20230613.xml
7/2/2023,303.38765,1.17455,CPI_20230613.pdf,CPI_20230613.xml
7/3/2023,303.41229,1.17465,CPI_20230613.pdf,CPI_20230613.xml
7/4/2023,303.43694,1.17474,CPI_20230613.pdf,CPI_20230613.xml
7/5/2023,303.46158,1.17484,CPI_20230613.pdf,CPI_20230613.xml
7/6/2023,303.48623,1.17493,CPI_20230613.pdf,CPI_20230613.xml
7/7/2023,303.51087,1.17503,CPI_20230613.pdf,CPI_20230613.xml
7/8/2023,303.53552,1.17512,CPI_20230613.pdf,CPI_20230613.xml
7/9/2023,303.56016,1.17522,CPI_20230613.pdf,CPI_20230613.xml
7/10/2023,303.58481,1.17531,CPI_20230613.pdf,CPI_20230613.xml
7/11/2023,303.60945,1.17541,CPI_20230613.pdf,CPI_20230613.xml
7/12/2023,303.6341,1.17551,CPI_20230613.pdf,CPI_20230613.xml
7/13/2023,303.65874,1.1756,CPI_20230613.pdf,CPI_20230613.xml
7/14/2023,303.68339,1.1757,CPI_20230613.pdf,CPI_20230613.xml
7/15/2023,303.70803,1.17579,CPI_20230613.pdf,CPI_20230613.xml
7/16/2023,303.73268,1.17589,CPI_20230613.pdf,CPI_20230613.xml
7/17/2023,303.75732,1.17598,CPI_20230613.pdf,CPI_20230613.xml
7/18/2023,303.78197,1.17608,CPI_20230613.pdf,CPI_20230613.xml
7/19/2023,303.80661,1.17617,CPI_20230613.pdf,CPI_20230613.xml
7/20/2023,303.83126,1.17627,CPI_20230613.pdf,CPI_20230613.xml
7/21/2023,303.8559,1.17636,CPI_20230613.pdf,CPI_20230613.xml
7/22/2023,303.88055,1.17646,CPI_20230613.pdf,CPI_20230613.xml
7/23/2023,303.90519,1.17655,CPI_20230613.pdf,CPI_20230613.xml
7/24/2023,303.92984,1.17665,CPI_20230613.pdf,CPI_20230613.xml
7/25/2023,303.95448,1.17675,CPI_20230613.pdf,CPI_20230613.xml
7/26/2023,303.97913,1.17684,CPI_20230613.pdf,CPI_20230613.xml
7/27/2023,304.00377,1.17694,CPI_20230613.pdf,CPI_20230613.xml
7/28/2023,304.02842,1.17703,CPI_20230613.pdf,CPI_20230613.xml
7/29/2023,304.05306,1.17713,CPI_20230613.pdf,CPI_20230613.xml
7/30/2023,304.07771,1.17722,CPI_20230613.pdf,CPI_20230613.xml
7/31/2023,304.10235,1.17732,CPI_20230613.pdf,CPI_20230613.xml
8/1/2023,304.127,1.17741,CPI_20230712.pdf,CPI_20230712.xml
8/2/2023,304.15868,1.17754,CPI_20230712.pdf,CPI_20230712.xml
8/3/2023,304.19035,1.17766,CPI_20230712.pdf,CPI_20230712.xml
8/4/2023,304.22203,1.17778,CPI_20230712.pdf,CPI_20230712.xml
8/5/2023,304.25371,1.1779,CPI_20230712.pdf,CPI_20230712.xml
8/6/2023,304.28539,1.17803,CPI_20230712.pdf,CPI_20230712.xml
8/7/2023,304.31706,1.17815,CPI_20230712.pdf,CPI_20230712.xml
8/8/2023,304.34874,1.17827,CPI_20230712.pdf,CPI_20230712.xml
8/9/2023,304.38042,1.17839,CPI_20230712.pdf,CPI_20230712.xml
8/10/2023,304.4121,1.17852,CPI_20230712.pdf,CPI_20230712.xml
8/11/2023,304.44377,1.17864,CPI_20230712.pdf,CPI_20230712.xml
8/12/2023,304.47545,1.17876,CPI_20230712.pdf,CPI_20230712.xml
8/13/2023,304.50713,1.17889,CPI_20230712.pdf,CPI_20230712.xml
8/14/2023,304.53881,1.17901,CPI_20230712.pdf,CPI_20230712.xml
8/15/2023,304.57048,1.17913,CPI_20230712.pdf,CPI_20230712.xml
8/16/2023,304.60216,1.17925,CPI_20230712.pdf,CPI_20230712.xml
8/17/2023,304.63384,1.17938,CPI_20230712.pdf,CPI_20230712.xml
8/18/2023,304.66552,1.1795,CPI_20230712.pdf,CPI_20230712.xml
8/19/2023,304.69719,1.17962,CPI_20230712.pdf,CPI_20230712.xml
8/20/2023,304.72887,1.17974,CPI_20230712.pdf,CPI_20230712.xml
8/21/2023,304.76055,1.17987,CPI_20230712.pdf,CPI_20230712.xml
8/22/2023,304.79223,1.17999,CPI_20230712.pdf,CPI_20230712.xml
8/23/2023,304.8239,1.18011,CPI_20230712.pdf,CPI_20230712.xml
8/24/2023,304.85558,1.18023,CPI_20230712.pdf,CPI_20230712.xml
8/25/2023,304.88726,1.18036,CPI_20230712.pdf,CPI_20230712.xml
8/26/2023,304.91894,1.18048,CPI_20230712.pdf,CPI_20230712.xml
8/27/2023,304.95061,1.1806,CPI_20230712.pdf,CPI_20230712.xml
8/28/2023,304.98229,1.18072,CPI_20230712.pdf,CPI_20230712.xml
8/29/2023,305.01397,1.18085,CPI_20230712.pdf,CPI_20230712.xml
8/30/2023,305.04565,1.18097,CPI_20230712.pdf,CPI_20230712.xml
8/31/2023,305.07732,1.18109,CPI_20230712.pdf,CPI_20230712.xml
9/1/2023,305.109,1.18122,CPI_20230810.pdf,CPI_20230810.xml
9/2/2023,305.1284,1.18129,CPI_20230810.pdf,CPI_20230810.xml
9/3/2023,305.1478,1.18137,CPI_20230810.pdf,CPI_20230810.xml
9/4/2023,305.1672,1.18144,CPI_20230810.pdf,CPI_20230810.xml
9/5/2023,305.1866,1.18152,CPI_20230810.pdf,CPI_20230810.xml
9/6/2023,305.206,1.18159,CPI_20230810.pdf,CPI_20230810.xml
9/7/2023,305.2254,1.18167,CPI_20230810.pdf,CPI_20230810.xml
9/8/2023,305.2448,1.18174,CPI_20230810.pdf,CPI_20230810.xml
9/9/2023,305.2642,1.18182,CPI_20230810.pdf,CPI_20230810.xml
9/10/2023,305.2836,1.18189,CPI_20230810.pdf,CPI_20230810.xml
9/11/2023,305.303,1.18197,CPI_20230810.pdf,CPI_20230810.xml
9/12/2023,305.3224,1.18204,CPI_20230810.pdf,CPI_20230810.xml
9/13/2023,305.3418,1.18212,CPI_20230810.pdf,CPI_20230810.xml
9/14/2023,305.3612,1.18219,CPI_20230810.pdf,CPI_20230810.xml
9/15/2023,305.3806,1.18227,CPI_20230810.pdf,CPI_20230810.xml
9/16/2023,305.4,1.18234,CPI_20230810.pdf,CPI_20230810.xml
9/17/2023,305.4194,1.18242,CPI_20230810.pdf,CPI_20230810.xml
9/18/2023,305.4388,1.18249,CPI_20230810.pdf,CPI_20230810.xml
9/19/2023,305.4582,1.18257,CPI_20230810.pdf,CPI_20230810.xml
9/20/2023,305.4776,1.18264,CPI_20230810.pdf,CPI_20230810.xml
9/21/2023,305.497,1.18272,CPI_20230810.pdf,CPI_20230810.xml
9/22/2023,305.5164,1.18279,CPI_20230810.pdf,CPI_20230810.xml
9/23/2023,305.5358,1.18287,CPI_20230810.pdf,CPI_20230810.xml
9/24/2023,305.5552,1.18294,CPI_20230810.pdf,CPI_20230810.xml
9/25/2023,305.5746,1.18302,CPI_20230810.pdf,CPI_20230810.xml
9/26/2023,305.594,1.18309,CPI_20230810.pdf,CPI_20230810.xml
9/27/2023,305.6134,1.18317,CPI_20230810.pdf,CPI_20230810.xml
9/28/2023,305.6328,1.18324,CPI_20230810.pdf,CPI_20230810.xml
9/29/2023,305.6522,1.18332,CPI_20230810.pdf,CPI_20230810.xml
9/30/2023,305.6716,1.18339,CPI_20230810.pdf,CPI_20230810.xml
10/1/2023,305.691,1.18347,CPI_20230913.pdf,CPI_20230913.xml
10/2/2023,305.73406,1.18364,CPI_20230913.pdf,CPI_20230913.xml
10/3/2023,305.77713,1.1838,CPI_20230913.pdf,CPI_20230913.xml
10/4/2023,305.82019,1.18397,CPI_20230913.pdf,CPI_20230913.xml
10/5/2023,305.86326,1.18414,CPI_20230913.pdf,CPI_20230913.xml
10/6/2023,305.90632,1.1843,CPI_20230913.pdf,CPI_20230913.xml
10/7/2023,305.94939,1.18447,CPI_20230913.pdf,CPI_20230913.xml
10/8/2023,305.99245,1.18464,CPI_20230913.pdf,CPI_20230913.xml
10/9/2023,306.03552,1.1848,CPI_20230913.pdf,CPI_20230913.xml
10/10/2023,306.07858,1.18497,CPI_20230913.pdf,CPI_20230913.xml
10/11/2023,306.12165,1.18514,CPI_20230913.pdf,CPI_20230913.xml
10/12/2023,306.16471,1.1853,CPI_20230913.pdf,CPI_20230913.xml
10/13/2023,306.20777,1.18547,CPI_20230913.pdf,CPI_20230913.xml
10/14/2023,306.25084,1.18564,CPI_20230913.pdf,CPI_20230913.xml
10/15/2023,306.2939,1.1858,CPI_20230913.pdf,CPI_20230913.xml
10/16/2023,306.33697,1.18597,CPI_20230913.pdf,CPI_20230913.xml
10/17/2023,306.38003,1.18614,CPI_20230913.pdf,CPI_20230913.xml
10/18/2023,306.4231,1.1863,CPI_20230913.pdf,CPI_20230913.xml
10/19/2023,306.46616,1.18647,CPI_20230913.pdf,CPI_20230913.xml
10/20/2023,306.50923,1.18664,CPI_20230913.pdf,CPI_20230913.xml
10/21/2023,306.55229,1.1868,CPI_20230913.pdf,CPI_20230913.xml
10/22/2023,306.59535,1.18697,CPI_20230913.pdf,CPI_20230913.xml
10/23/2023,306.63842,1.18714,CPI_20230913.pdf,CPI_20230913.xml
10/24/2023,306.68148,1.1873,CPI_20230913.pdf,CPI_20230913.xml
10/25/2023,306.72455,1.18747,CPI_20230913.pdf,CPI_20230913.xml
10/26/2023,306.76761,1.18764,CPI_20230913.pdf,CPI_20230913.xml
10/27/2023,306.81068,1.1878,CPI_20230913.pdf,CPI_20230913.xml
10/28/2023,306.85374,1.18797,CPI_20230913.pdf,CPI_20230913.xml
10/29/2023,306.89681,1.18814,CPI_20230913.pdf,CPI_20230913.xml
10/30/2023,306.93987,1.1883,CPI_20230913.pdf,CPI_20230913.xml
10/31/2023,306.98294,1.18847,CPI_20230913.pdf,CPI_20230913.xml
11/1/2023,307.026,1.18864,CPI_20231012.pdf,CPI_20231012.xml
11/2/2023,307.05143,1.18874,CPI_20231012.pdf,CPI_20231012.xml
11/3/2023,307.07687,1.18883,CPI_20231012.pdf,CPI_20231012.xml
11/4/2023,307.1023,1.18893,CPI_20231012.pdf,CPI_20231012.xml
11/5/2023,307.12773,1.18903,CPI_20231012.pdf,CPI_20231012.xml
11/6/2023,307.15317,1.18913,CPI_20231012.pdf,CPI_20231012.xml
11/7/2023,307.1786,1.18923,CPI_20231012.pdf,CPI_20231012.xml
11/8/2023,307.20403,1.18933,CPI_20231012.pdf,CPI_20231012.xml
11/9/2023,307.22947,1.18942,CPI_20231012.pdf,CPI_20231012.xml
11/10/2023,307.2549,1.18952,CPI_20231012.pdf,CPI_20231012.xml
11/11/2023,307.28033,1.18962,CPI_20231012.pdf,CPI_20231012.xml
11/12/2023,307.30577,1.18972,CPI_20231012.pdf,CPI_20231012.xml
11/13/2023,307.3312,1.18982,CPI_20231012.pdf,CPI_20231012.xml
11/14/2023,307.35663,1.18992,CPI_20231012.pdf,CPI_20231012.xml
11/15/2023,307.38207,1.19002,CPI_20231012.pdf,CPI_20231012.xml
11/16/2023,307.4075,1.19011,CPI_20231012.pdf,CPI_20231012.xml
11/17/2023,307.43293,1.19021,CPI_20231012.pdf,CPI_20231012.xml
11/18/2023,307.45837,1.19031,CPI_20231012.pdf,CPI_20231012.xml
11/19/2023,307.4838,1.19041,CPI_20231012.pdf,CPI_20231012.xml
11/20/2023,307.50923,1.19051,CPI_20231012.pdf,CPI_20231012.xml
11/21/2023,307.53467,1.19061,CPI_20231012.pdf,CPI_20231012.xml
11/22/2023,307.5601,1.1907,CPI_20231012.pdf,CPI_20231012.xml
11/23/2023,307.58553,1.1908,CPI_20231012.pdf,CPI_20231012.xml
11/24/2023,307.61097,1.1909,CPI_20231012.pdf,CPI_20231012.xml
11/25/2023,307.6364,1.191,CPI_20231012.pdf,CPI_20231012.xml
11/26/2023,307.66183,1.1911,CPI_20231012.pdf,CPI_20231012.xml
11/27/2023,307.68727,1.1912,CPI_20231012.pdf,CPI_20231012.xml
11/28/2023,307.7127,1.1913,CPI_20231012.pdf,CPI_20231012.xml
11/29/2023,307.73813,1.19139,CPI_20231012.pdf,CPI_20231012.xml
11/30/2023,307.76357,1.19149,CPI_20231012.pdf,CPI_20231012.xml
12/1/2023,307.789,1.19159,CPI_20231114.pdf,CPI_20231114.xml
12/2/2023,307.78519,1.19158,CPI_20231114.pdf,CPI_20231114.xml
12/3/2023,307.78139,1.19156,CPI_20231114.pdf,CPI_20231114.xml
12/4/2023,307.77758,1.19155,CPI_20231114.pdf,CPI_20231114.xml
12/5/2023,307.77377,1.19153,CPI_20231114.pdf,CPI_20231114.xml
12/6/2023,307.76997,1.19152,CPI_20231114.pdf,CPI_20231114.xml
12/7/2023,307.76616,1.1915,CPI_20231114.pdf,CPI_20231114.xml
12/8/2023,307.76235,1.19149,CPI_20231114.pdf,CPI_20231114.xml
12/9/2023,307.75855,1.19147,CPI_20231114.pdf,CPI_20231114.xml
12/10/2023,307.75474,1.19146,CPI_20231114.pdf,CPI_20231114.xml
12/11/2023,307.75094,1.19144,CPI_20231114.pdf,CPI_20231114.xml
12/12/2023,307.74713,1.19143,CPI_20231114.pdf,CPI_20231114.xml
12/13/2023,307.74332,1.19141,CPI_20231114.pdf,CPI_20231114.xml
12/14/2023,307.73952,1.1914,CPI_20231114.pdf,CPI_20231114.xml
12/15/2023,307.73571,1.19138,CPI_20231114.pdf,CPI_20231114.xml
12/16/2023,307.7319,1.19137,CPI_20231114.pdf,CPI_20231114.xml
12/17/2023,307.7281,1.19135,CPI_20231114.pdf,CPI_20231114.xml
12/18/2023,307.72429,1.19134,CPI_20231114.pdf,CPI_20231114.xml
12/19/2023,307.72048,1.19133,CPI_20231114.pdf,CPI_20231114.xml
12/20/2023,307.71668,1.19131,CPI_20231114.pdf,CPI_20231114.xml
12/21/2023,307.71287,1.1913,CPI_20231114.pdf,CPI_20231114.xml
12/22/2023,307.70906,1.19128,CPI_20231114.pdf,CPI_20231114.xml
12/23/2023,307.70526,1.19127,CPI_20231114.pdf,CPI_20231114.xml
12/24/2023,307.70145,1.19125,CPI_20231114.pdf,CPI_20231114.xml
12/25/2023,307.69765,1.19124,CPI_20231114.pdf,CPI_20231114.xml
12/26/2023,307.69384,1.19122,CPI_20231114.pdf,CPI_20231114.xml
12/27/2023,307.69003,1.19121,CPI_20231114.pdf,CPI_20231114.xml
12/28/2023,307.68623,1.19119,CPI_20231114.pdf,CPI_20231114.xml
12/29/2023,307.68242,1.19118,CPI_20231114.pdf,CPI_20231114.xml
12/30/2023,307.67861,1.19116,CPI_20231114.pdf,CPI_20231114.xml
12/31/2023,307.67481,1.19115,CPI_20231114.pdf,CPI_20231114.xml
